{
  "v": "5.5.2",
  "fr": 25,
  "ip": 0,
  "op": 125,
  "w": 400,
  "h": 400,
  "nm": "Like",
  "ddd": 0,
  "assets": [],
  "layers": [
    {
      "ddd": 0,
      "ind": 1,
      "ty": 4,
      "nm": "#Pop",
      "ln": "Pop",
      "sr": 1,
      "ks": {
        "o": {
          "a": 0,
          "k": 100,
          "ix": 11
        },
        "r": {
          "a": 0,
          "k": 0,
          "ix": 10
        },
        "p": {
          "a": 0,
          "k": [
            200,
            200,
            0
          ],
          "ix": 2
        },
        "a": {
          "a": 0,
          "k": [
            0,
            0,
            0
          ],
          "ix": 1
        },
        "s": {
          "a": 0,
          "k": [
            200,
            200,
            100
          ],
          "ix": 6
        }
      },
      "ao": 0,
      "shapes": [
        {
          "ty": "gr",
          "it": [
            {
              "d": 1,
              "ty": "el",
              "s": {
                "a": 1,
                "k": [
                  {
                    "i": {
                      "x": [
                        0.667,
                        0.667
                      ],
                      "y": [
                        1,
                        1
                      ]
                    },
                    "o": {
                      "x": [
                        0.333,
                        0.333
                      ],
                      "y": [
                        0,
                        0
                      ]
                    },
                    "t": 40,
                    "s": [
                      0,
                      0
                    ]
                  },
                  {
                    "i": {
                      "x": [
                        0.667,
                        0.667
                      ],
                      "y": [
                        1,
                        1
                      ]
                    },
                    "o": {
                      "x": [
                        0.333,
                        0.333
                      ],
                      "y": [
                        0,
                        0
                      ]
                    },
                    "t": 45.333,
                    "s": [
                      5,
                      5
                    ]
                  },
                  {
                    "t": 56,
                    "s": [
                      0,
                      0
                    ]
                  }
                ],
                "ix": 2
              },
              "p": {
                "a": 1,
                "k": [
                  {
                    "i": {
                      "x": 0,
                      "y": 1
                    },
                    "o": {
                      "x": 0,
                      "y": 0
                    },
                    "t": 40,
                    "s": [
                      -5,
                      0
                    ],
                    "to": [
                      0,
                      -13.167
                    ],
                    "ti": [
                      0,
                      13.167
                    ]
                  },
                  {
                    "t": 56,
                    "s": [
                      -5,
                      -79
                    ]
                  }
                ],
                "ix": 3
              },
              "nm": "Tracé d'ellipse 2",
              "mn": "ADBE Vector Shape - Ellipse",
              "hd": false
            },
            {
              "ty": "fl",
              "c": {
                "a": 0,
                "k": [
                  0,
                  0,
                  0,
                  1
                ],
                "ix": 4
              },
              "o": {
                "a": 0,
                "k": 100,
                "ix": 5
              },
              "r": 1,
              "bm": 0,
              "nm": "Fond 1",
              "mn": "ADBE Vector Graphic - Fill",
              "hd": false
            },
            {
              "ty": "tr",
              "p": {
                "a": 0,
                "k": [
                  0,
                  0
                ],
                "ix": 2
              },
              "a": {
                "a": 0,
                "k": [
                  0,
                  0
                ],
                "ix": 1
              },
              "s": {
                "a": 0,
                "k": [
                  100,
                  100
                ],
                "ix": 3
              },
              "r": {
                "a": 0,
                "k": 0,
                "ix": 6
              },
              "o": {
                "a": 0,
                "k": 100,
                "ix": 7
              },
              "sk": {
                "a": 0,
                "k": 0,
                "ix": 4
              },
              "sa": {
                "a": 0,
                "k": 0,
                "ix": 5
              },
              "nm": "Transformer "
            }
          ],
          "nm": "Ellipse 2",
          "np": 2,
          "cix": 2,
          "bm": 0,
          "ix": 1,
          "mn": "ADBE Vector Group",
          "hd": false
        },
        {
          "ty": "gr",
          "it": [
            {
              "d": 1,
              "ty": "el",
              "s": {
                "a": 1,
                "k": [
                  {
                    "i": {
                      "x": [
                        0.667,
                        0.667
                      ],
                      "y": [
                        1,
                        1
                      ]
                    },
                    "o": {
                      "x": [
                        0.333,
                        0.333
                      ],
                      "y": [
                        0,
                        0
                      ]
                    },
                    "t": 40,
                    "s": [
                      0,
                      0
                    ]
                  },
                  {
                    "i": {
                      "x": [
                        0.667,
                        0.667
                      ],
                      "y": [
                        1,
                        1
                      ]
                    },
                    "o": {
                      "x": [
                        0.333,
                        0.333
                      ],
                      "y": [
                        0,
                        0
                      ]
                    },
                    "t": 45.333,
                    "s": [
                      10,
                      10
                    ]
                  },
                  {
                    "t": 56,
                    "s": [
                      0,
                      0
                    ]
                  }
                ],
                "ix": 2
              },
              "p": {
                "a": 1,
                "k": [
                  {
                    "i": {
                      "x": 0,
                      "y": 1
                    },
                    "o": {
                      "x": 0,
                      "y": 0
                    },
                    "t": 40,
                    "s": [
                      20,
                      0
                    ],
                    "to": [
                      0,
                      -14.167
                    ],
                    "ti": [
                      0,
                      14.167
                    ]
                  },
                  {
                    "t": 56,
                    "s": [
                      20,
                      -85
                    ]
                  }
                ],
                "ix": 3
              },
              "nm": "Tracé d'ellipse 1",
              "mn": "ADBE Vector Shape - Ellipse",
              "hd": false
            },
            {
              "ty": "fl",
              "c": {
                "a": 0,
                "k": [
                  0.7725490196078432,
                  0.12941176470588237,
                  0.15294117647058825,
                  1
                ],
                "ix": 4
              },
              "o": {
                "a": 0,
                "k": 100,
                "ix": 5
              },
              "r": 1,
              "bm": 0,
              "nm": "Fond 1",
              "mn": "ADBE Vector Graphic - Fill",
              "hd": false
            },
            {
              "ty": "tr",
              "p": {
                "a": 0,
                "k": [
                  0,
                  0
                ],
                "ix": 2
              },
              "a": {
                "a": 0,
                "k": [
                  0,
                  0
                ],
                "ix": 1
              },
              "s": {
                "a": 0,
                "k": [
                  100,
                  100
                ],
                "ix": 3
              },
              "r": {
                "a": 0,
                "k": 0,
                "ix": 6
              },
              "o": {
                "a": 0,
                "k": 100,
                "ix": 7
              },
              "sk": {
                "a": 0,
                "k": 0,
                "ix": 4
              },
              "sa": {
                "a": 0,
                "k": 0,
                "ix": 5
              },
              "nm": "Transformer "
            }
          ],
          "nm": "Ellipse 1",
          "np": 2,
          "cix": 2,
          "bm": 0,
          "ix": 2,
          "mn": "ADBE Vector Group",
          "hd": false
        },
        {
          "ty": "rp",
          "c": {
            "a": 0,
            "k": 6,
            "ix": 1
          },
          "o": {
            "a": 0,
            "k": 0,
            "ix": 2
          },
          "m": 1,
          "ix": 3,
          "tr": {
            "ty": "tr",
            "p": {
              "a": 0,
              "k": [
                0,
                0
              ],
              "ix": 2
            },
            "a": {
              "a": 0,
              "k": [
                0,
                0
              ],
              "ix": 1
            },
            "s": {
              "a": 0,
              "k": [
                100,
                100
              ],
              "ix": 3
            },
            "r": {
              "a": 0,
              "k": 60,
              "ix": 4
            },
            "so": {
              "a": 0,
              "k": 100,
              "ix": 5
            },
            "eo": {
              "a": 0,
              "k": 100,
              "ix": 6
            },
            "nm": "Transformer"
          },
          "nm": "Répétition 1",
          "mn": "ADBE Vector Filter - Repeater",
          "hd": false
        }
      ],
      "ip": 40,
      "op": 57,
      "st": 31,
      "bm": 0
    },
    {
      "ddd": 0,
      "ind": 2,
      "ty": 4,
      "nm": "#heart",
      "ln": "heart",
      "sr": 1,
      "ks": {
        "o": {
          "a": 0,
          "k": 100,
          "ix": 11
        },
        "r": {
          "a": 0,
          "k": 0,
          "ix": 10
        },
        "p": {
          "a": 0,
          "k": [
            200,
            200,
            0
          ],
          "ix": 2
        },
        "a": {
          "a": 0,
          "k": [
            0,
            0,
            0
          ],
          "ix": 1
        },
        "s": {
          "a": 0,
          "k": [
            80,
            80,
            100
          ],
          "ix": 6
        }
      },
      "ao": 0,
      "shapes": [
        {
          "ty": "gr",
          "it": [
            {
              "ind": 0,
              "ty": "sh",
              "ix": 1,
              "ks": {
                "a": 0,
                "k": {
                  "i": [
                    [
                      33.5,
                      0
                    ],
                    [
                      0,
                      -20.5
                    ],
                    [
                      0,
                      0
                    ],
                    [
                      0,
                      0
                    ],
                    [
                      0,
                      0
                    ],
                    [
                      0,
                      26
                    ],
                    [
                      30.25,
                      0
                    ],
                    [
                      0,
                      0
                    ]
                  ],
                  "o": [
                    [
                      -33.5,
                      0
                    ],
                    [
                      0,
                      20.5
                    ],
                    [
                      0,
                      0
                    ],
                    [
                      0,
                      0
                    ],
                    [
                      0,
                      0
                    ],
                    [
                      0,
                      -26
                    ],
                    [
                      -30.25,
                      0
                    ],
                    [
                      0,
                      0
                    ]
                  ],
                  "v": [
                    [
                      -49.25,
                      -89.75
                    ],
                    [
                      -103.75,
                      -35
                    ],
                    [
                      -89,
                      0.75
                    ],
                    [
                      0,
                      89.75
                    ],
                    [
                      89.5,
                      2
                    ],
                    [
                      104.25,
                      -35.5
                    ],
                    [
                      49.5,
                      -89.5
                    ],
                    [
                      -0.25,
                      -63.25
                    ]
                  ],
                  "c": true
                },
                "ix": 2
              },
              "nm": "Tracé 1",
              "mn": "ADBE Vector Shape - Group",
              "hd": false
            },
            {
              "ty": "fl",
              "c": {
                "a": 0,
                "k": [
                  0.7725490196078432,
                  0.12941176470588237,
                  0.15294117647058825,
                  1
                ],
                "ix": 4
              },
              "o": {
                "a": 0,
                "k": 100,
                "ix": 5
              },
              "r": 1,
              "bm": 0,
              "nm": "Fond 1",
              "mn": "ADBE Vector Graphic - Fill",
              "hd": false
            },
            {
              "ty": "st",
              "c": {
                "a": 0,
                "k": [
                  0.7725490196078432,
                  0.12941176470588237,
                  0.15294117647058825,
                  1
                ],
                "ix": 3
              },
              "o": {
                "a": 0,
                "k": 100,
                "ix": 4
              },
              "w": {
                "a": 0,
                "k": 17,
                "ix": 5
              },
              "lc": 2,
              "lj": 2,
              "bm": 0,
              "nm": "Contour 1",
              "mn": "ADBE Vector Graphic - Stroke",
              "hd": false
            },
            {
              "ty": "tr",
              "p": {
                "a": 0,
                "k": [
                  0,
                  0
                ],
                "ix": 2
              },
              "a": {
                "a": 0,
                "k": [
                  0,
                  0
                ],
                "ix": 1
              },
              "s": {
                "a": 1,
                "k": [
                  {
                    "i": {
                      "x": [
                        0.667,
                        0.667
                      ],
                      "y": [
                        1,
                        1
                      ]
                    },
                    "o": {
                      "x": [
                        0.146,
                        0.146
                      ],
                      "y": [
                        0.591,
                        0.591
                      ]
                    },
                    "t": 43,
                    "s": [
                      0,
                      0
                    ]
                  },
                  {
                    "i": {
                      "x": [
                        0,
                        0
                      ],
                      "y": [
                        1,
                        1
                      ]
                    },
                    "o": {
                      "x": [
                        0.333,
                        0.333
                      ],
                      "y": [
                        0,
                        0
                      ]
                    },
                    "t": 49,
                    "s": [
                      110,
                      110
                    ]
                  },
                  {
                    "i": {
                      "x": [
                        0.667,
                        0.667
                      ],
                      "y": [
                        1,
                        1
                      ]
                    },
                    "o": {
                      "x": [
                        0.167,
                        0.167
                      ],
                      "y": [
                        0,
                        0
                      ]
                    },
                    "t": 72,
                    "s": [
                      100,
                      100
                    ]
                  },
                  {
                    "i": {
                      "x": [
                        0.39,
                        0.39
                      ],
                      "y": [
                        1,
                        1
                      ]
                    },
                    "o": {
                      "x": [
                        0.333,
                        0.333
                      ],
                      "y": [
                        0,
                        0
                      ]
                    },
                    "t": 85,
                    "s": [
                      100,
                      100
                    ]
                  },
                  {
                    "i": {
                      "x": [
                        0.944,
                        0.944
                      ],
                      "y": [
                        0.297,
                        0.297
                      ]
                    },
                    "o": {
                      "x": [
                        0.892,
                        0.892
                      ],
                      "y": [
                        0,
                        0
                      ]
                    },
                    "t": 97,
                    "s": [
                      110,
                      110
                    ]
                  },
                  {
                    "t": 110,
                    "s": [
                      0,
                      0
                    ]
                  }
                ],
                "ix": 3
              },
              "r": {
                "a": 0,
                "k": 0,
                "ix": 6
              },
              "o": {
                "a": 0,
                "k": 100,
                "ix": 7
              },
              "sk": {
                "a": 0,
                "k": 0,
                "ix": 4
              },
              "sa": {
                "a": 0,
                "k": 0,
                "ix": 5
              },
              "nm": "Transformer "
            }
          ],
          "nm": "green",
          "np": 3,
          "cix": 2,
          "bm": 0,
          "ix": 1,
          "mn": "ADBE Vector Group",
          "hd": false
        },
        {
          "ty": "gr",
          "it": [
            {
              "ind": 0,
              "ty": "sh",
              "ix": 1,
              "ks": {
                "a": 0,
                "k": {
                  "i": [
                    [
                      33.5,
                      0
                    ],
                    [
                      0,
                      -20.5
                    ],
                    [
                      0,
                      0
                    ],
                    [
                      0,
                      0
                    ],
                    [
                      0,
                      0
                    ],
                    [
                      0,
                      26
                    ],
                    [
                      30.25,
                      0
                    ],
                    [
                      0,
                      0
                    ]
                  ],
                  "o": [
                    [
                      -33.5,
                      0
                    ],
                    [
                      0,
                      20.5
                    ],
                    [
                      0,
                      0
                    ],
                    [
                      0,
                      0
                    ],
                    [
                      0,
                      0
                    ],
                    [
                      0,
                      -26
                    ],
                    [
                      -30.25,
                      0
                    ],
                    [
                      0,
                      0
                    ]
                  ],
                  "v": [
                    [
                      -49.25,
                      -89.75
                    ],
                    [
                      -103.75,
                      -35
                    ],
                    [
                      -89,
                      0.75
                    ],
                    [
                      0,
                      89.75
                    ],
                    [
                      89.5,
                      2
                    ],
                    [
                      104.25,
                      -35.5
                    ],
                    [
                      49.5,
                      -89.5
                    ],
                    [
                      -0.25,
                      -63.25
                    ]
                  ],
                  "c": true
                },
                "ix": 2
              },
              "nm": "Tracé 1",
              "mn": "ADBE Vector Shape - Group",
              "hd": false
            },
            {
              "ty": "tm",
              "s": {
                "a": 1,
                "k": [
                  {
                    "i": {
                      "x": [
                        0
                      ],
                      "y": [
                        1
                      ]
                    },
                    "o": {
                      "x": [
                        0.333
                      ],
                      "y": [
                        0
                      ]
                    },
                    "t": 5,
                    "s": [
                      50
                    ]
                  },
                  {
                    "t": 30,
                    "s": [
                      0
                    ]
                  }
                ],
                "ix": 1
              },
              "e": {
                "a": 1,
                "k": [
                  {
                    "i": {
                      "x": [
                        0
                      ],
                      "y": [
                        1
                      ]
                    },
                    "o": {
                      "x": [
                        0.333
                      ],
                      "y": [
                        0
                      ]
                    },
                    "t": 5,
                    "s": [
                      50
                    ]
                  },
                  {
                    "i": {
                      "x": [
                        0.833
                      ],
                      "y": [
                        1
                      ]
                    },
                    "o": {
                      "x": [
                        0.333
                      ],
                      "y": [
                        0
                      ]
                    },
                    "t": 30,
                    "s": [
                      100
                    ]
                  },
                  {
                    "i": {
                      "x": [
                        0.441
                      ],
                      "y": [
                        1
                      ]
                    },
                    "o": {
                      "x": [
                        0.586
                      ],
                      "y": [
                        0
                      ]
                    },
                    "t": 85,
                    "s": [
                      100
                    ]
                  },
                  {
                    "t": 86,
                    "s": [
                      0
                    ]
                  }
                ],
                "ix": 2
              },
              "o": {
                "a": 0,
                "k": -34,
                "ix": 3
              },
              "m": 1,
              "ix": 2,
              "nm": "Réduire les tracés 1",
              "mn": "ADBE Vector Filter - Trim",
              "hd": false
            },
            {
              "ty": "st",
              "c": {
                "a": 0,
                "k": [
                  0,
                  0,
                  0,
                  1
                ],
                "ix": 3
              },
              "o": {
                "a": 0,
                "k": 100,
                "ix": 4
              },
              "w": {
                "a": 0,
                "k": 15,
                "ix": 5
              },
              "lc": 2,
              "lj": 2,
              "bm": 0,
              "nm": "Contour 1",
              "mn": "ADBE Vector Graphic - Stroke",
              "hd": false
            },
            {
              "ty": "tr",
              "p": {
                "a": 0,
                "k": [
                  0,
                  0
                ],
                "ix": 2
              },
              "a": {
                "a": 0,
                "k": [
                  0,
                  0
                ],
                "ix": 1
              },
              "s": {
                "a": 0,
                "k": [
                  100,
                  100
                ],
                "ix": 3
              },
              "r": {
                "a": 0,
                "k": 0,
                "ix": 6
              },
              "o": {
                "a": 0,
                "k": 100,
                "ix": 7
              },
              "sk": {
                "a": 0,
                "k": 0,
                "ix": 4
              },
              "sa": {
                "a": 0,
                "k": 0,
                "ix": 5
              },
              "nm": "Transformer "
            }
          ],
          "nm": "black",
          "np": 3,
          "cix": 2,
          "bm": 0,
          "ix": 2,
          "mn": "ADBE Vector Group",
          "hd": false
        },
        {
          "ty": "gr",
          "it": [
            {
              "ind": 0,
              "ty": "sh",
              "ix": 1,
              "ks": {
                "a": 0,
                "k": {
                  "i": [
                    [
                      33.5,
                      0
                    ],
                    [
                      0,
                      -20.5
                    ],
                    [
                      0,
                      0
                    ],
                    [
                      0,
                      0
                    ],
                    [
                      0,
                      0
                    ],
                    [
                      0,
                      26
                    ],
                    [
                      30.25,
                      0
                    ],
                    [
                      0,
                      0
                    ]
                  ],
                  "o": [
                    [
                      -33.5,
                      0
                    ],
                    [
                      0,
                      20.5
                    ],
                    [
                      0,
                      0
                    ],
                    [
                      0,
                      0
                    ],
                    [
                      0,
                      0
                    ],
                    [
                      0,
                      -26
                    ],
                    [
                      -30.25,
                      0
                    ],
                    [
                      0,
                      0
                    ]
                  ],
                  "v": [
                    [
                      -49.25,
                      -89.75
                    ],
                    [
                      -103.75,
                      -35
                    ],
                    [
                      -89,
                      0.75
                    ],
                    [
                      0,
                      89.75
                    ],
                    [
                      89.5,
                      2
                    ],
                    [
                      104.25,
                      -35.5
                    ],
                    [
                      49.5,
                      -89.5
                    ],
                    [
                      -0.25,
                      -63.25
                    ]
                  ],
                  "c": true
                },
                "ix": 2
              },
              "nm": "Tracé 1",
              "mn": "ADBE Vector Shape - Group",
              "hd": false
            },
            {
              "ty": "st",
              "c": {
                "a": 0,
                "k": [
                  0.749019607843,
                  0.749019607843,
                  0.749019607843,
                  1
                ],
                "ix": 3
              },
              "o": {
                "a": 0,
                "k": 100,
                "ix": 4
              },
              "w": {
                "a": 0,
                "k": 15,
                "ix": 5
              },
              "lc": 2,
              "lj": 2,
              "bm": 0,
              "nm": "Contour 1",
              "mn": "ADBE Vector Graphic - Stroke",
              "hd": false
            },
            {
              "ty": "tr",
              "p": {
                "a": 0,
                "k": [
                  0,
                  0
                ],
                "ix": 2
              },
              "a": {
                "a": 0,
                "k": [
                  0,
                  0
                ],
                "ix": 1
              },
              "s": {
                "a": 0,
                "k": [
                  100,
                  100
                ],
                "ix": 3
              },
              "r": {
                "a": 0,
                "k": 0,
                "ix": 6
              },
              "o": {
                "a": 0,
                "k": 100,
                "ix": 7
              },
              "sk": {
                "a": 0,
                "k": 0,
                "ix": 4
              },
              "sa": {
                "a": 0,
                "k": 0,
                "ix": 5
              },
              "nm": "Transformer "
            }
          ],
          "nm": "grey",
          "np": 2,
          "cix": 2,
          "bm": 0,
          "ix": 3,
          "mn": "ADBE Vector Group",
          "hd": false
        }
      ],
      "ip": 0,
      "op": 125,
      "st": 0,
      "bm": 0
    }
  ],
  "markers": [
    {
      "tm": 5,
      "cm": "#start-over",
      "dr": 0
    },
    {
      "tm": 30,
      "cm": "#end-over",
      "dr": 0
    },
    {
      "tm": 40,
      "cm": "#start-clic",
      "dr": 0
    },
    {
      "tm": 72,
      "cm": "#end-clic",
      "dr": 0
    },
    {
      "tm": 85,
      "cm": "#start-output",
      "dr": 0
    },
    {
      "tm": 110,
      "cm": "#end-output",
      "dr": 0
    }
  ]
}