{
  "v": "4.6.9",
  "fr": 30,
  "ip": 0,
  "op": 38,
  "w": 100,
  "h": 100,
  "nm": "heart",
  "ddd": 0,
  "assets": [],
  "layers": [
    {
      "ddd": 0,
      "ind": 1,
      "ty": 4,
      "nm": "飛沫_08",
      "ks": {
        "o": {
          "a": 1,
          "k": [
            {
              "i": {
                "x": [
                  0.833
                ],
                "y": [
                  0.833
                ]
              },
              "o": {
                "x": [
                  0.167
                ],
                "y": [
                  0.167
                ]
              },
              "n": [
                "0p833_0p833_0p167_0p167"
              ],
              "t": 14,
              "s": [
                0
              ],
              "e": [
                100
              ]
            },
            {
              "i": {
                "x": [
                  0.833
                ],
                "y": [
                  0.833
                ]
              },
              "o": {
                "x": [
                  0.167
                ],
                "y": [
                  0.167
                ]
              },
              "n": [
                "0p833_0p833_0p167_0p167"
              ],
              "t": 18,
              "s": [
                100
              ],
              "e": [
                0
              ]
            },
            {
              "t": 32
            }
          ]
        },
        "r": {
          "a": 0,
          "k": 0
        },
        "p": {
          "a": 1,
          "k": [
            {
              "i": {
                "x": 0.833,
                "y": 0.833
              },
              "o": {
                "x": 0.167,
                "y": 0.167
              },
              "n": "0p833_0p833_0p167_0p167",
              "t": 14,
              "s": [
                50,
                50,
                0
              ],
              "e": [
                87,
                28.25,
                0
              ],
              "to": [
                6.16666650772095,
                -3.625,
                0
              ],
              "ti": [
                -4.75,
                2.75000834465027,
                0
              ]
            },
            {
              "i": {
                "x": 0.833,
                "y": 0.833
              },
              "o": {
                "x": 0.167,
                "y": 0.167
              },
              "n": "0p833_0p833_0p167_0p167",
              "t": 18,
              "s": [
                87,
                28.25,
                0
              ],
              "e": [
                78.5,
                33.5,
                0
              ],
              "to": [
                4.75,
                -2.75000834465027,
                0
              ],
              "ti": [
                1.41666662693024,
                -0.87499165534973,
                0
              ]
            },
            {
              "t": 32
            }
          ]
        },
        "a": {
          "a": 0,
          "k": [
            0,
            0,
            0
          ]
        },
        "s": {
          "a": 1,
          "k": [
            {
              "i": {
                "x": [
                  0.833,
                  0.833,
                  0.833
                ],
                "y": [
                  0.833,
                  0.833,
                  0.833
                ]
              },
              "o": {
                "x": [
                  0.167,
                  0.167,
                  0.167
                ],
                "y": [
                  0.167,
                  0.167,
                  0.167
                ]
              },
              "n": [
                "0p833_0p833_0p167_0p167",
                "0p833_0p833_0p167_0p167",
                "0p833_0p833_0p167_0p167"
              ],
              "t": 14,
              "s": [
                100,
                100,
                100
              ],
              "e": [
                250,
                250,
                100
              ]
            },
            {
              "i": {
                "x": [
                  0.833,
                  0.833,
                  0.833
                ],
                "y": [
                  0.833,
                  0.833,
                  0.833
                ]
              },
              "o": {
                "x": [
                  0.167,
                  0.167,
                  0.167
                ],
                "y": [
                  0.167,
                  0.167,
                  0.167
                ]
              },
              "n": [
                "0p833_0p833_0p167_0p167",
                "0p833_0p833_0p167_0p167",
                "0p833_0p833_0p167_0p167"
              ],
              "t": 18,
              "s": [
                250,
                250,
                100
              ],
              "e": [
                50,
                50,
                100
              ]
            },
            {
              "t": 32
            }
          ]
        }
      },
      "ao": 0,
      "shapes": [
        {
          "ty": "gr",
          "it": [
            {
              "d": 1,
              "ty": "el",
              "s": {
                "a": 0,
                "k": [
                  3,
                  3
                ]
              },
              "p": {
                "a": 0,
                "k": [
                  0,
                  0
                ]
              },
              "nm": "楕円形パス 1",
              "mn": "ADBE Vector Shape - Ellipse"
            },
            {
              "ty": "st",
              "c": {
                "a": 0,
                "k": [
                  1,
                  1,
                  1,
                  1
                ]
              },
              "o": {
                "a": 0,
                "k": 100
              },
              "w": {
                "a": 0,
                "k": 0
              },
              "lc": 1,
              "lj": 1,
              "ml": 4,
              "nm": "線 1",
              "mn": "ADBE Vector Graphic - Stroke"
            },
            {
              "ty": "fl",
              "c": {
                "a": 0,
                "k": [
                  0.6078431,
                  0.9215686,
                  0.8745098,
                  1
                ]
              },
              "o": {
                "a": 0,
                "k": 100
              },
              "r": 1,
              "nm": "塗り 1",
              "mn": "ADBE Vector Graphic - Fill"
            },
            {
              "ty": "tr",
              "p": {
                "a": 0,
                "k": [
                  0,
                  0
                ],
                "ix": 2
              },
              "a": {
                "a": 0,
                "k": [
                  0,
                  0
                ],
                "ix": 1
              },
              "s": {
                "a": 0,
                "k": [
                  100,
                  100
                ],
                "ix": 3
              },
              "r": {
                "a": 0,
                "k": 0,
                "ix": 6
              },
              "o": {
                "a": 0,
                "k": 100,
                "ix": 7
              },
              "sk": {
                "a": 0,
                "k": 0,
                "ix": 4
              },
              "sa": {
                "a": 0,
                "k": 0,
                "ix": 5
              },
              "nm": "トランスフォーム"
            }
          ],
          "nm": "楕円形 1",
          "np": 3,
          "cix": 2,
          "ix": 1,
          "mn": "ADBE Vector Group"
        }
      ],
      "ip": 0,
      "op": 150,
      "st": 0,
      "bm": 0,
      "sr": 1
    },
    {
      "ddd": 0,
      "ind": 2,
      "ty": 4,
      "nm": "飛沫_07",
      "ks": {
        "o": {
          "a": 1,
          "k": [
            {
              "i": {
                "x": [
                  0.833
                ],
                "y": [
                  0.833
                ]
              },
              "o": {
                "x": [
                  0.167
                ],
                "y": [
                  0.167
                ]
              },
              "n": [
                "0p833_0p833_0p167_0p167"
              ],
              "t": 18,
              "s": [
                0
              ],
              "e": [
                100
              ]
            },
            {
              "i": {
                "x": [
                  0.833
                ],
                "y": [
                  0.833
                ]
              },
              "o": {
                "x": [
                  0.167
                ],
                "y": [
                  0.167
                ]
              },
              "n": [
                "0p833_0p833_0p167_0p167"
              ],
              "t": 22,
              "s": [
                100
              ],
              "e": [
                0
              ]
            },
            {
              "t": 32
            }
          ]
        },
        "r": {
          "a": 0,
          "k": 0
        },
        "p": {
          "a": 1,
          "k": [
            {
              "i": {
                "x": 0.833,
                "y": 0.833
              },
              "o": {
                "x": 0.167,
                "y": 0.167
              },
              "n": "0p833_0p833_0p167_0p167",
              "t": 18,
              "s": [
                50,
                50,
                0
              ],
              "e": [
                13.5,
                28.75,
                0
              ],
              "to": [
                -6.08333349227905,
                -3.54166674613953,
                0
              ],
              "ti": [
                5.22916650772095,
                2.765625,
                0
              ]
            },
            {
              "i": {
                "x": 0.833,
                "y": 0.833
              },
              "o": {
                "x": 0.167,
                "y": 0.167
              },
              "n": "0p833_0p833_0p167_0p167",
              "t": 22,
              "s": [
                13.5,
                28.75,
                0
              ],
              "e": [
                18.625,
                33.406,
                0
              ],
              "to": [
                -5.22916650772095,
                -2.765625,
                0
              ],
              "ti": [
                -0.85416668653488,
                -0.77604168653488,
                0
              ]
            },
            {
              "t": 32
            }
          ]
        },
        "a": {
          "a": 0,
          "k": [
            0,
            0,
            0
          ]
        },
        "s": {
          "a": 1,
          "k": [
            {
              "i": {
                "x": [
                  0.833,
                  0.833,
                  0.833
                ],
                "y": [
                  0.833,
                  0.833,
                  0.833
                ]
              },
              "o": {
                "x": [
                  0.167,
                  0.167,
                  0.167
                ],
                "y": [
                  0.167,
                  0.167,
                  0.167
                ]
              },
              "n": [
                "0p833_0p833_0p167_0p167",
                "0p833_0p833_0p167_0p167",
                "0p833_0p833_0p167_0p167"
              ],
              "t": 18,
              "s": [
                100,
                100,
                100
              ],
              "e": [
                250,
                250,
                100
              ]
            },
            {
              "i": {
                "x": [
                  0.833,
                  0.833,
                  0.833
                ],
                "y": [
                  0.833,
                  0.833,
                  0.833
                ]
              },
              "o": {
                "x": [
                  0.167,
                  0.167,
                  0.167
                ],
                "y": [
                  0.167,
                  0.167,
                  0.167
                ]
              },
              "n": [
                "0p833_0p833_0p167_0p167",
                "0p833_0p833_0p167_0p167",
                "0p833_0p833_0p167_0p167"
              ],
              "t": 22,
              "s": [
                250,
                250,
                100
              ],
              "e": [
                50,
                50,
                100
              ]
            },
            {
              "t": 32
            }
          ]
        }
      },
      "ao": 0,
      "shapes": [
        {
          "ty": "gr",
          "it": [
            {
              "d": 1,
              "ty": "el",
              "s": {
                "a": 0,
                "k": [
                  3,
                  3
                ]
              },
              "p": {
                "a": 0,
                "k": [
                  0,
                  0
                ]
              },
              "nm": "楕円形パス 1",
              "mn": "ADBE Vector Shape - Ellipse"
            },
            {
              "ty": "st",
              "c": {
                "a": 0,
                "k": [
                  1,
                  1,
                  1,
                  1
                ]
              },
              "o": {
                "a": 0,
                "k": 100
              },
              "w": {
                "a": 0,
                "k": 0
              },
              "lc": 1,
              "lj": 1,
              "ml": 4,
              "nm": "線 1",
              "mn": "ADBE Vector Graphic - Stroke"
            },
            {
              "ty": "fl",
              "c": {
                "a": 0,
                "k": [
                  0.9568627,
                  0.9058824,
                  0.5372549,
                  1
                ]
              },
              "o": {
                "a": 0,
                "k": 100
              },
              "r": 1,
              "nm": "塗り 1",
              "mn": "ADBE Vector Graphic - Fill"
            },
            {
              "ty": "tr",
              "p": {
                "a": 0,
                "k": [
                  0,
                  0
                ],
                "ix": 2
              },
              "a": {
                "a": 0,
                "k": [
                  0,
                  0
                ],
                "ix": 1
              },
              "s": {
                "a": 0,
                "k": [
                  100,
                  100
                ],
                "ix": 3
              },
              "r": {
                "a": 0,
                "k": 0,
                "ix": 6
              },
              "o": {
                "a": 0,
                "k": 100,
                "ix": 7
              },
              "sk": {
                "a": 0,
                "k": 0,
                "ix": 4
              },
              "sa": {
                "a": 0,
                "k": 0,
                "ix": 5
              },
              "nm": "トランスフォーム"
            }
          ],
          "nm": "楕円形 1",
          "np": 3,
          "cix": 2,
          "ix": 1,
          "mn": "ADBE Vector Group"
        }
      ],
      "ip": 0,
      "op": 150,
      "st": 0,
      "bm": 0,
      "sr": 1
    },
    {
      "ddd": 0,
      "ind": 3,
      "ty": 4,
      "nm": "飛沫_06",
      "ks": {
        "o": {
          "a": 1,
          "k": [
            {
              "i": {
                "x": [
                  0.833
                ],
                "y": [
                  0.833
                ]
              },
              "o": {
                "x": [
                  0.167
                ],
                "y": [
                  0.167
                ]
              },
              "n": [
                "0p833_0p833_0p167_0p167"
              ],
              "t": 14,
              "s": [
                0
              ],
              "e": [
                100
              ]
            },
            {
              "i": {
                "x": [
                  0.833
                ],
                "y": [
                  0.833
                ]
              },
              "o": {
                "x": [
                  0.167
                ],
                "y": [
                  0.167
                ]
              },
              "n": [
                "0p833_0p833_0p167_0p167"
              ],
              "t": 18,
              "s": [
                100
              ],
              "e": [
                0
              ]
            },
            {
              "t": 32
            }
          ]
        },
        "r": {
          "a": 0,
          "k": 0
        },
        "p": {
          "a": 1,
          "k": [
            {
              "i": {
                "x": 0.833,
                "y": 0.833
              },
              "o": {
                "x": 0.167,
                "y": 0.167
              },
              "n": "0p833_0p833_0p167_0p167",
              "t": 14,
              "s": [
                50,
                50,
                0
              ],
              "e": [
                14,
                70.5,
                0
              ],
              "to": [
                -6,
                3.41666674613953,
                0
              ],
              "ti": [
                5.16666650772095,
                -2.64583325386047,
                0
              ]
            },
            {
              "i": {
                "x": 0.833,
                "y": 0.833
              },
              "o": {
                "x": 0.167,
                "y": 0.167
              },
              "n": "0p833_0p833_0p167_0p167",
              "t": 18,
              "s": [
                14,
                70.5,
                0
              ],
              "e": [
                19,
                65.875,
                0
              ],
              "to": [
                -5.16666650772095,
                2.64583325386047,
                0
              ],
              "ti": [
                -0.83333331346512,
                0.77083331346512,
                0
              ]
            },
            {
              "t": 32
            }
          ]
        },
        "a": {
          "a": 0,
          "k": [
            0,
            0,
            0
          ]
        },
        "s": {
          "a": 1,
          "k": [
            {
              "i": {
                "x": [
                  0.833,
                  0.833,
                  0.833
                ],
                "y": [
                  0.833,
                  0.833,
                  0.833
                ]
              },
              "o": {
                "x": [
                  0.167,
                  0.167,
                  0.167
                ],
                "y": [
                  0.167,
                  0.167,
                  0.167
                ]
              },
              "n": [
                "0p833_0p833_0p167_0p167",
                "0p833_0p833_0p167_0p167",
                "0p833_0p833_0p167_0p167"
              ],
              "t": 14,
              "s": [
                100,
                100,
                100
              ],
              "e": [
                250,
                250,
                100
              ]
            },
            {
              "i": {
                "x": [
                  0.833,
                  0.833,
                  0.833
                ],
                "y": [
                  0.833,
                  0.833,
                  0.833
                ]
              },
              "o": {
                "x": [
                  0.167,
                  0.167,
                  0.167
                ],
                "y": [
                  0.167,
                  0.167,
                  0.167
                ]
              },
              "n": [
                "0p833_0p833_0p167_0p167",
                "0p833_0p833_0p167_0p167",
                "0p833_0p833_0p167_0p167"
              ],
              "t": 18,
              "s": [
                250,
                250,
                100
              ],
              "e": [
                50,
                50,
                100
              ]
            },
            {
              "t": 32
            }
          ]
        }
      },
      "ao": 0,
      "shapes": [
        {
          "ty": "gr",
          "it": [
            {
              "d": 1,
              "ty": "el",
              "s": {
                "a": 0,
                "k": [
                  3,
                  3
                ]
              },
              "p": {
                "a": 0,
                "k": [
                  0,
                  0
                ]
              },
              "nm": "楕円形パス 1",
              "mn": "ADBE Vector Shape - Ellipse"
            },
            {
              "ty": "st",
              "c": {
                "a": 0,
                "k": [
                  1,
                  1,
                  1,
                  1
                ]
              },
              "o": {
                "a": 0,
                "k": 100
              },
              "w": {
                "a": 0,
                "k": 0
              },
              "lc": 1,
              "lj": 1,
              "ml": 4,
              "nm": "線 1",
              "mn": "ADBE Vector Graphic - Stroke"
            },
            {
              "ty": "fl",
              "c": {
                "a": 0,
                "k": [
                  0.6078431,
                  0.9215686,
                  0.8745098,
                  1
                ]
              },
              "o": {
                "a": 0,
                "k": 100
              },
              "r": 1,
              "nm": "塗り 1",
              "mn": "ADBE Vector Graphic - Fill"
            },
            {
              "ty": "tr",
              "p": {
                "a": 0,
                "k": [
                  0,
                  0
                ],
                "ix": 2
              },
              "a": {
                "a": 0,
                "k": [
                  0,
                  0
                ],
                "ix": 1
              },
              "s": {
                "a": 0,
                "k": [
                  100,
                  100
                ],
                "ix": 3
              },
              "r": {
                "a": 0,
                "k": 0,
                "ix": 6
              },
              "o": {
                "a": 0,
                "k": 100,
                "ix": 7
              },
              "sk": {
                "a": 0,
                "k": 0,
                "ix": 4
              },
              "sa": {
                "a": 0,
                "k": 0,
                "ix": 5
              },
              "nm": "トランスフォーム"
            }
          ],
          "nm": "楕円形 1",
          "np": 3,
          "cix": 2,
          "ix": 1,
          "mn": "ADBE Vector Group"
        }
      ],
      "ip": 0,
      "op": 150,
      "st": 0,
      "bm": 0,
      "sr": 1
    },
    {
      "ddd": 0,
      "ind": 4,
      "ty": 4,
      "nm": "飛沫_05",
      "ks": {
        "o": {
          "a": 1,
          "k": [
            {
              "i": {
                "x": [
                  0.833
                ],
                "y": [
                  0.833
                ]
              },
              "o": {
                "x": [
                  0.167
                ],
                "y": [
                  0.167
                ]
              },
              "n": [
                "0p833_0p833_0p167_0p167"
              ],
              "t": 18,
              "s": [
                0
              ],
              "e": [
                100
              ]
            },
            {
              "i": {
                "x": [
                  0.833
                ],
                "y": [
                  0.833
                ]
              },
              "o": {
                "x": [
                  0.167
                ],
                "y": [
                  0.167
                ]
              },
              "n": [
                "0p833_0p833_0p167_0p167"
              ],
              "t": 22,
              "s": [
                100
              ],
              "e": [
                0
              ]
            },
            {
              "t": 32
            }
          ]
        },
        "r": {
          "a": 0,
          "k": 0
        },
        "p": {
          "a": 1,
          "k": [
            {
              "i": {
                "x": 0.833,
                "y": 0.833
              },
              "o": {
                "x": 0.167,
                "y": 0.167
              },
              "n": "0p833_0p833_0p167_0p167",
              "t": 18,
              "s": [
                50,
                50,
                0
              ],
              "e": [
                85.5,
                70.5,
                0
              ],
              "to": [
                5.91666650772095,
                3.41666674613953,
                0
              ],
              "ti": [
                -5.04166650772095,
                -2.64583325386047,
                0
              ]
            },
            {
              "i": {
                "x": 0.833,
                "y": 0.833
              },
              "o": {
                "x": 0.167,
                "y": 0.167
              },
              "n": "0p833_0p833_0p167_0p167",
              "t": 22,
              "s": [
                85.5,
                70.5,
                0
              ],
              "e": [
                80.25,
                65.875,
                0
              ],
              "to": [
                5.04166650772095,
                2.64583325386047,
                0
              ],
              "ti": [
                0.875,
                0.77083331346512,
                0
              ]
            },
            {
              "t": 32
            }
          ]
        },
        "a": {
          "a": 0,
          "k": [
            0,
            0,
            0
          ]
        },
        "s": {
          "a": 1,
          "k": [
            {
              "i": {
                "x": [
                  0.833,
                  0.833,
                  0.833
                ],
                "y": [
                  0.833,
                  0.833,
                  0.833
                ]
              },
              "o": {
                "x": [
                  0.167,
                  0.167,
                  0.167
                ],
                "y": [
                  0.167,
                  0.167,
                  0.167
                ]
              },
              "n": [
                "0p833_0p833_0p167_0p167",
                "0p833_0p833_0p167_0p167",
                "0p833_0p833_0p167_0p167"
              ],
              "t": 18,
              "s": [
                100,
                100,
                100
              ],
              "e": [
                250,
                250,
                100
              ]
            },
            {
              "i": {
                "x": [
                  0.833,
                  0.833,
                  0.833
                ],
                "y": [
                  0.833,
                  0.833,
                  0.833
                ]
              },
              "o": {
                "x": [
                  0.167,
                  0.167,
                  0.167
                ],
                "y": [
                  0.167,
                  0.167,
                  0.167
                ]
              },
              "n": [
                "0p833_0p833_0p167_0p167",
                "0p833_0p833_0p167_0p167",
                "0p833_0p833_0p167_0p167"
              ],
              "t": 22,
              "s": [
                250,
                250,
                100
              ],
              "e": [
                50,
                50,
                100
              ]
            },
            {
              "t": 32
            }
          ]
        }
      },
      "ao": 0,
      "shapes": [
        {
          "ty": "gr",
          "it": [
            {
              "d": 1,
              "ty": "el",
              "s": {
                "a": 0,
                "k": [
                  3,
                  3
                ]
              },
              "p": {
                "a": 0,
                "k": [
                  0,
                  0
                ]
              },
              "nm": "楕円形パス 1",
              "mn": "ADBE Vector Shape - Ellipse"
            },
            {
              "ty": "st",
              "c": {
                "a": 0,
                "k": [
                  1,
                  1,
                  1,
                  1
                ]
              },
              "o": {
                "a": 0,
                "k": 100
              },
              "w": {
                "a": 0,
                "k": 0
              },
              "lc": 1,
              "lj": 1,
              "ml": 4,
              "nm": "線 1",
              "mn": "ADBE Vector Graphic - Stroke"
            },
            {
              "ty": "fl",
              "c": {
                "a": 0,
                "k": [
                  0.9568627,
                  0.9058824,
                  0.5372549,
                  1
                ]
              },
              "o": {
                "a": 0,
                "k": 100
              },
              "r": 1,
              "nm": "塗り 1",
              "mn": "ADBE Vector Graphic - Fill"
            },
            {
              "ty": "tr",
              "p": {
                "a": 0,
                "k": [
                  0,
                  0
                ],
                "ix": 2
              },
              "a": {
                "a": 0,
                "k": [
                  0,
                  0
                ],
                "ix": 1
              },
              "s": {
                "a": 0,
                "k": [
                  100,
                  100
                ],
                "ix": 3
              },
              "r": {
                "a": 0,
                "k": 0,
                "ix": 6
              },
              "o": {
                "a": 0,
                "k": 100,
                "ix": 7
              },
              "sk": {
                "a": 0,
                "k": 0,
                "ix": 4
              },
              "sa": {
                "a": 0,
                "k": 0,
                "ix": 5
              },
              "nm": "トランスフォーム"
            }
          ],
          "nm": "楕円形 1",
          "np": 3,
          "cix": 2,
          "ix": 1,
          "mn": "ADBE Vector Group"
        }
      ],
      "ip": 0,
      "op": 150,
      "st": 0,
      "bm": 0,
      "sr": 1
    },
    {
      "ddd": 0,
      "ind": 5,
      "ty": 4,
      "nm": "飛沫_02",
      "ks": {
        "o": {
          "a": 1,
          "k": [
            {
              "i": {
                "x": [
                  0.833
                ],
                "y": [
                  0.833
                ]
              },
              "o": {
                "x": [
                  0.167
                ],
                "y": [
                  0.167
                ]
              },
              "n": [
                "0p833_0p833_0p167_0p167"
              ],
              "t": 10,
              "s": [
                0
              ],
              "e": [
                100
              ]
            },
            {
              "i": {
                "x": [
                  0.833
                ],
                "y": [
                  0.833
                ]
              },
              "o": {
                "x": [
                  0.167
                ],
                "y": [
                  0.167
                ]
              },
              "n": [
                "0p833_0p833_0p167_0p167"
              ],
              "t": 14,
              "s": [
                100
              ],
              "e": [
                0
              ]
            },
            {
              "t": 32
            }
          ]
        },
        "r": {
          "a": 0,
          "k": 0
        },
        "p": {
          "a": 1,
          "k": [
            {
              "i": {
                "x": 0.833,
                "y": 0.833
              },
              "o": {
                "x": 0.167,
                "y": 0.167
              },
              "n": "0p833_0p833_0p167_0p167",
              "t": 10,
              "s": [
                50,
                50,
                0
              ],
              "e": [
                50,
                92,
                0
              ],
              "to": [
                0,
                7,
                0
              ],
              "ti": [
                0,
                -5.33333349227905,
                0
              ]
            },
            {
              "i": {
                "x": 0.833,
                "y": 0.833
              },
              "o": {
                "x": 0.167,
                "y": 0.167
              },
              "n": "0p833_0p833_0p167_0p167",
              "t": 14,
              "s": [
                50,
                92,
                0
              ],
              "e": [
                50,
                82,
                0
              ],
              "to": [
                0,
                5.33333349227905,
                0
              ],
              "ti": [
                0,
                1.66666662693024,
                0
              ]
            },
            {
              "t": 32
            }
          ]
        },
        "a": {
          "a": 0,
          "k": [
            0,
            0,
            0
          ]
        },
        "s": {
          "a": 1,
          "k": [
            {
              "i": {
                "x": [
                  0.833,
                  0.833,
                  0.833
                ],
                "y": [
                  0.833,
                  0.833,
                  0.833
                ]
              },
              "o": {
                "x": [
                  0.167,
                  0.167,
                  0.167
                ],
                "y": [
                  0.167,
                  0.167,
                  0.167
                ]
              },
              "n": [
                "0p833_0p833_0p167_0p167",
                "0p833_0p833_0p167_0p167",
                "0p833_0p833_0p167_0p167"
              ],
              "t": 10,
              "s": [
                100,
                100,
                100
              ],
              "e": [
                180,
                180,
                100
              ]
            },
            {
              "i": {
                "x": [
                  0.833,
                  0.833,
                  0.833
                ],
                "y": [
                  0.833,
                  0.833,
                  0.833
                ]
              },
              "o": {
                "x": [
                  0.167,
                  0.167,
                  0.167
                ],
                "y": [
                  0.167,
                  0.167,
                  0.167
                ]
              },
              "n": [
                "0p833_0p833_0p167_0p167",
                "0p833_0p833_0p167_0p167",
                "0p833_0p833_0p167_0p167"
              ],
              "t": 14,
              "s": [
                180,
                180,
                100
              ],
              "e": [
                50,
                50,
                100
              ]
            },
            {
              "t": 32
            }
          ]
        }
      },
      "ao": 0,
      "shapes": [
        {
          "ty": "gr",
          "it": [
            {
              "d": 1,
              "ty": "el",
              "s": {
                "a": 0,
                "k": [
                  3,
                  3
                ]
              },
              "p": {
                "a": 0,
                "k": [
                  0,
                  0
                ]
              },
              "nm": "楕円形パス 1",
              "mn": "ADBE Vector Shape - Ellipse"
            },
            {
              "ty": "st",
              "c": {
                "a": 0,
                "k": [
                  1,
                  1,
                  1,
                  1
                ]
              },
              "o": {
                "a": 0,
                "k": 100
              },
              "w": {
                "a": 0,
                "k": 0
              },
              "lc": 1,
              "lj": 1,
              "ml": 4,
              "nm": "線 1",
              "mn": "ADBE Vector Graphic - Stroke"
            },
            {
              "ty": "fl",
              "c": {
                "a": 0,
                "k": [
                  0.8784314,
                  0.5882353,
                  0.8509804,
                  1
                ]
              },
              "o": {
                "a": 0,
                "k": 100
              },
              "r": 1,
              "nm": "塗り 1",
              "mn": "ADBE Vector Graphic - Fill"
            },
            {
              "ty": "tr",
              "p": {
                "a": 0,
                "k": [
                  0,
                  0
                ],
                "ix": 2
              },
              "a": {
                "a": 0,
                "k": [
                  0,
                  0
                ],
                "ix": 1
              },
              "s": {
                "a": 0,
                "k": [
                  100,
                  100
                ],
                "ix": 3
              },
              "r": {
                "a": 0,
                "k": 0,
                "ix": 6
              },
              "o": {
                "a": 0,
                "k": 100,
                "ix": 7
              },
              "sk": {
                "a": 0,
                "k": 0,
                "ix": 4
              },
              "sa": {
                "a": 0,
                "k": 0,
                "ix": 5
              },
              "nm": "トランスフォーム"
            }
          ],
          "nm": "楕円形 1",
          "np": 3,
          "cix": 2,
          "ix": 1,
          "mn": "ADBE Vector Group"
        }
      ],
      "ip": 0,
      "op": 150,
      "st": 0,
      "bm": 0,
      "sr": 1
    },
    {
      "ddd": 0,
      "ind": 6,
      "ty": 4,
      "nm": "飛沫_01",
      "ks": {
        "o": {
          "a": 1,
          "k": [
            {
              "i": {
                "x": [
                  0.833
                ],
                "y": [
                  0.833
                ]
              },
              "o": {
                "x": [
                  0.167
                ],
                "y": [
                  0.167
                ]
              },
              "n": [
                "0p833_0p833_0p167_0p167"
              ],
              "t": 10,
              "s": [
                0
              ],
              "e": [
                100
              ]
            },
            {
              "i": {
                "x": [
                  0.833
                ],
                "y": [
                  0.833
                ]
              },
              "o": {
                "x": [
                  0.167
                ],
                "y": [
                  0.167
                ]
              },
              "n": [
                "0p833_0p833_0p167_0p167"
              ],
              "t": 14,
              "s": [
                100
              ],
              "e": [
                0
              ]
            },
            {
              "t": 32
            }
          ]
        },
        "r": {
          "a": 0,
          "k": 0
        },
        "p": {
          "a": 1,
          "k": [
            {
              "i": {
                "x": 0.833,
                "y": 0.833
              },
              "o": {
                "x": 0.167,
                "y": 0.167
              },
              "n": "0p833_0p833_0p167_0p167",
              "t": 10,
              "s": [
                50,
                50,
                0
              ],
              "e": [
                50,
                8,
                0
              ],
              "to": [
                0,
                -7,
                0
              ],
              "ti": [
                0,
                5.33333349227905,
                0
              ]
            },
            {
              "i": {
                "x": 0.833,
                "y": 0.833
              },
              "o": {
                "x": 0.167,
                "y": 0.167
              },
              "n": "0p833_0p833_0p167_0p167",
              "t": 14,
              "s": [
                50,
                8,
                0
              ],
              "e": [
                50,
                18,
                0
              ],
              "to": [
                0,
                -5.33333349227905,
                0
              ],
              "ti": [
                0,
                -1.66666662693024,
                0
              ]
            },
            {
              "t": 32
            }
          ]
        },
        "a": {
          "a": 0,
          "k": [
            0,
            0,
            0
          ]
        },
        "s": {
          "a": 1,
          "k": [
            {
              "i": {
                "x": [
                  0.833,
                  0.833,
                  0.833
                ],
                "y": [
                  0.833,
                  0.833,
                  0.833
                ]
              },
              "o": {
                "x": [
                  0.167,
                  0.167,
                  0.167
                ],
                "y": [
                  0.167,
                  0.167,
                  0.167
                ]
              },
              "n": [
                "0p833_0p833_0p167_0p167",
                "0p833_0p833_0p167_0p167",
                "0p833_0p833_0p167_0p167"
              ],
              "t": 10,
              "s": [
                100,
                100,
                100
              ],
              "e": [
                180,
                180,
                100
              ]
            },
            {
              "i": {
                "x": [
                  0.833,
                  0.833,
                  0.833
                ],
                "y": [
                  0.833,
                  0.833,
                  0.833
                ]
              },
              "o": {
                "x": [
                  0.167,
                  0.167,
                  0.167
                ],
                "y": [
                  0.167,
                  0.167,
                  0.167
                ]
              },
              "n": [
                "0p833_0p833_0p167_0p167",
                "0p833_0p833_0p167_0p167",
                "0p833_0p833_0p167_0p167"
              ],
              "t": 14,
              "s": [
                180,
                180,
                100
              ],
              "e": [
                50,
                50,
                100
              ]
            },
            {
              "t": 32
            }
          ]
        }
      },
      "ao": 0,
      "shapes": [
        {
          "ty": "gr",
          "it": [
            {
              "d": 1,
              "ty": "el",
              "s": {
                "a": 0,
                "k": [
                  3,
                  3
                ]
              },
              "p": {
                "a": 0,
                "k": [
                  0,
                  0
                ]
              },
              "nm": "楕円形パス 1",
              "mn": "ADBE Vector Shape - Ellipse"
            },
            {
              "ty": "st",
              "c": {
                "a": 0,
                "k": [
                  1,
                  1,
                  1,
                  1
                ]
              },
              "o": {
                "a": 0,
                "k": 100
              },
              "w": {
                "a": 0,
                "k": 0
              },
              "lc": 1,
              "lj": 1,
              "ml": 4,
              "nm": "線 1",
              "mn": "ADBE Vector Graphic - Stroke"
            },
            {
              "ty": "fl",
              "c": {
                "a": 0,
                "k": [
                  0.8784314,
                  0.5882353,
                  0.8509804,
                  1
                ]
              },
              "o": {
                "a": 0,
                "k": 100
              },
              "r": 1,
              "nm": "塗り 1",
              "mn": "ADBE Vector Graphic - Fill"
            },
            {
              "ty": "tr",
              "p": {
                "a": 0,
                "k": [
                  0,
                  0
                ],
                "ix": 2
              },
              "a": {
                "a": 0,
                "k": [
                  0,
                  0
                ],
                "ix": 1
              },
              "s": {
                "a": 0,
                "k": [
                  100,
                  100
                ],
                "ix": 3
              },
              "r": {
                "a": 0,
                "k": 0,
                "ix": 6
              },
              "o": {
                "a": 0,
                "k": 100,
                "ix": 7
              },
              "sk": {
                "a": 0,
                "k": 0,
                "ix": 4
              },
              "sa": {
                "a": 0,
                "k": 0,
                "ix": 5
              },
              "nm": "トランスフォーム"
            }
          ],
          "nm": "楕円形 1",
          "np": 3,
          "cix": 2,
          "ix": 1,
          "mn": "ADBE Vector Group"
        }
      ],
      "ip": 0,
      "op": 150,
      "st": 0,
      "bm": 0,
      "sr": 1
    },
    {
      "ddd": 0,
      "ind": 7,
      "ty": 4,
      "nm": "heart_03",
      "ks": {
        "o": {
          "a": 0,
          "k": 100
        },
        "r": {
          "a": 0,
          "k": 0
        },
        "p": {
          "a": 0,
          "k": [
            50,
            50,
            0
          ]
        },
        "a": {
          "a": 0,
          "k": [
            0,
            0,
            0
          ]
        },
        "s": {
          "a": 1,
          "k": [
            {
              "i": {
                "x": [
                  0.589,
                  0.589,
                  0.685
                ],
                "y": [
                  1,
                  1,
                  0.685
                ]
              },
              "o": {
                "x": [
                  0.183,
                  0.183,
                  0.173
                ],
                "y": [
                  0.041,
                  0.041,
                  0.173
                ]
              },
              "n": [
                "0p589_1_0p183_0p041",
                "0p589_1_0p183_0p041",
                "0p685_0p685_0p173_0p173"
              ],
              "t": 11,
              "s": [
                0,
                0,
                100
              ],
              "e": [
                300,
                300,
                100
              ]
            },
            {
              "i": {
                "x": [
                  0.418,
                  0.418,
                  0.833
                ],
                "y": [
                  1.005,
                  1.005,
                  0.833
                ]
              },
              "o": {
                "x": [
                  0.483,
                  0.483,
                  0.333
                ],
                "y": [
                  0,
                  0,
                  0.333
                ]
              },
              "n": [
                "0p418_1p005_0p483_0",
                "0p418_1p005_0p483_0",
                "0p833_0p833_0p333_0p333"
              ],
              "t": 16,
              "s": [
                300,
                300,
                100
              ],
              "e": [
                200,
                200,
                100
              ]
            },
            {
              "i": {
                "x": [
                  0.639,
                  0.639,
                  0.778
                ],
                "y": [
                  1,
                  1,
                  0.778
                ]
              },
              "o": {
                "x": [
                  0.412,
                  0.412,
                  0.157
                ],
                "y": [
                  0,
                  0,
                  0.157
                ]
              },
              "n": [
                "0p639_1_0p412_0",
                "0p639_1_0p412_0",
                "0p778_0p778_0p157_0p157"
              ],
              "t": 21,
              "s": [
                200,
                200,
                100
              ],
              "e": [
                240,
                240,
                100
              ]
            },
            {
              "i": {
                "x": [
                  0.625,
                  0.625,
                  0.833
                ],
                "y": [
                  1,
                  1,
                  0.833
                ]
              },
              "o": {
                "x": [
                  0.359,
                  0.359,
                  0.167
                ],
                "y": [
                  0,
                  0,
                  0.167
                ]
              },
              "n": [
                "0p625_1_0p359_0",
                "0p625_1_0p359_0",
                "0p833_0p833_0p167_0p167"
              ],
              "t": 25,
              "s": [
                240,
                240,
                100
              ],
              "e": [
                200,
                200,
                100
              ]
            },
            {
              "i": {
                "x": [
                  0.593,
                  0.593,
                  0.833
                ],
                "y": [
                  1,
                  1,
                  0.833
                ]
              },
              "o": {
                "x": [
                  0.395,
                  0.395,
                  0.167
                ],
                "y": [
                  0,
                  0,
                  0.167
                ]
              },
              "n": [
                "0p593_1_0p395_0",
                "0p593_1_0p395_0",
                "0p833_0p833_0p167_0p167"
              ],
              "t": 29,
              "s": [
                200,
                200,
                100
              ],
              "e": [
                215,
                215,
                100
              ]
            },
            {
              "i": {
                "x": [
                  0.533,
                  0.533,
                  0.833
                ],
                "y": [
                  1,
                  1,
                  0.833
                ]
              },
              "o": {
                "x": [
                  0.579,
                  0.579,
                  0.167
                ],
                "y": [
                  0,
                  0,
                  0.167
                ]
              },
              "n": [
                "0p533_1_0p579_0",
                "0p533_1_0p579_0",
                "0p833_0p833_0p167_0p167"
              ],
              "t": 32,
              "s": [
                215,
                215,
                100
              ],
              "e": [
                200,
                200,
                100
              ]
            },
            {
              "t": 35
            }
          ]
        }
      },
      "ao": 0,
      "ef": [
        {
          "ty": 5,
          "nm": "グラデーション",
          "mn": "ADBE Ramp",
          "ix": 1,
          "en": 1,
          "ef": [
            {
              "ty": 3,
              "nm": "グラデーションの開始",
              "mn": "ADBE Ramp-0001",
              "ix": 1,
              "v": {
                "a": 0,
                "k": [
                  30.5,
                  67.25
                ]
              }
            },
            {
              "ty": 2,
              "nm": "開始色",
              "mn": "ADBE Ramp-0002",
              "ix": 2,
              "v": {
                "a": 0,
                "k": [
                  0.9764706,
                  0.2588235,
                  0.2431373,
                  1
                ]
              }
            },
            {
              "ty": 3,
              "nm": "グラデーションの終了",
              "mn": "ADBE Ramp-0003",
              "ix": 3,
              "v": {
                "a": 0,
                "k": [
                  70,
                  33
                ]
              }
            },
            {
              "ty": 2,
              "nm": "終了色",
              "mn": "ADBE Ramp-0004",
              "ix": 4,
              "v": {
                "a": 0,
                "k": [
                  0.9803922,
                  0.2666667,
                  0.5294118,
                  1
                ]
              }
            },
            {
              "ty": 7,
              "nm": "グラデーションのシェイプ",
              "mn": "ADBE Ramp-0005",
              "ix": 5,
              "v": {
                "a": 0,
                "k": 1
              }
            },
            {
              "ty": 0,
              "nm": "グラデーションの拡散",
              "mn": "ADBE Ramp-0006",
              "ix": 6,
              "v": {
                "a": 0,
                "k": 0
              }
            },
            {
              "ty": 0,
              "nm": "元の画像とブレンド",
              "mn": "ADBE Ramp-0007",
              "ix": 7,
              "v": {
                "a": 0,
                "k": 0
              }
            },
            {
              "ty": 6,
              "nm": "",
              "mn": "ADBE Ramp-0008",
              "ix": 8,
              "v": 0
            }
          ]
        }
      ],
      "shapes": [
        {
          "ty": "gr",
          "it": [
            {
              "ind": 0,
              "ty": "sh",
              "ix": 1,
              "ks": {
                "a": 0,
                "k": {
                  "i": [
                    [
                      1.339,
                      1.458
                    ],
                    [
                      1.963,
                      -0.285
                    ],
                    [
                      0.72,
                      -0.686
                    ],
                    [
                      1.543,
                      0.226
                    ],
                    [
                      1.224,
                      -1.331
                    ],
                    [
                      -0.71,
                      -2.118
                    ],
                    [
                      -1.501,
                      -0.867
                    ],
                    [
                      -0.207,
                      -0.025
                    ],
                    [
                      -0.082,
                      0.05
                    ],
                    [
                      -1.083,
                      3.23
                    ]
                  ],
                  "o": [
                    [
                      -1.226,
                      -1.329
                    ],
                    [
                      -1.544,
                      0.226
                    ],
                    [
                      -0.72,
                      -0.686
                    ],
                    [
                      -1.958,
                      -0.285
                    ],
                    [
                      -1.338,
                      1.457
                    ],
                    [
                      1.085,
                      3.233
                    ],
                    [
                      0.072,
                      0.046
                    ],
                    [
                      0.248,
                      0
                    ],
                    [
                      1.509,
                      -0.873
                    ],
                    [
                      0.712,
                      -2.117
                    ]
                  ],
                  "v": [
                    [
                      8.503,
                      -6.715
                    ],
                    [
                      3.569,
                      -8.338
                    ],
                    [
                      0,
                      -6.268
                    ],
                    [
                      -3.57,
                      -8.338
                    ],
                    [
                      -8.504,
                      -6.715
                    ],
                    [
                      -9.523,
                      -0.92
                    ],
                    [
                      -0.521,
                      8.451
                    ],
                    [
                      -0.009,
                      8.623
                    ],
                    [
                      0.519,
                      8.451
                    ],
                    [
                      9.521,
                      -0.92
                    ]
                  ],
                  "c": true
                }
              },
              "nm": "パス 1",
              "mn": "ADBE Vector Shape - Group"
            },
            {
              "ty": "st",
              "c": {
                "a": 0,
                "k": [
                  1,
                  1,
                  1,
                  1
                ]
              },
              "o": {
                "a": 0,
                "k": 100
              },
              "w": {
                "a": 0,
                "k": 0
              },
              "lc": 1,
              "lj": 1,
              "ml": 4,
              "nm": "線 1",
              "mn": "ADBE Vector Graphic - Stroke"
            },
            {
              "ty": "fl",
              "c": {
                "a": 0,
                "k": [
                  0.9764706,
                  0.2588235,
                  0.2431373,
                  1
                ]
              },
              "o": {
                "a": 0,
                "k": 100
              },
              "r": 1,
              "nm": "塗り 1",
              "mn": "ADBE Vector Graphic - Fill"
            },
            {
              "ty": "tr",
              "p": {
                "a": 0,
                "k": [
                  0,
                  0
                ],
                "ix": 2
              },
              "a": {
                "a": 0,
                "k": [
                  0,
                  0
                ],
                "ix": 1
              },
              "s": {
                "a": 0,
                "k": [
                  100,
                  100
                ],
                "ix": 3
              },
              "r": {
                "a": 0,
                "k": 0,
                "ix": 6
              },
              "o": {
                "a": 0,
                "k": 100,
                "ix": 7
              },
              "sk": {
                "a": 0,
                "k": 0,
                "ix": 4
              },
              "sa": {
                "a": 0,
                "k": 0,
                "ix": 5
              },
              "nm": "トランスフォーム"
            }
          ],
          "nm": "シェイプ 1",
          "np": 3,
          "cix": 2,
          "ix": 1,
          "mn": "ADBE Vector Group"
        }
      ],
      "ip": 0,
      "op": 150,
      "st": 0,
      "bm": 0,
      "sr": 1
    },
    {
      "ddd": 0,
      "ind": 8,
      "ty": 4,
      "nm": "heart_02",
      "ks": {
        "o": {
          "a": 0,
          "k": 100
        },
        "r": {
          "a": 0,
          "k": 0
        },
        "p": {
          "a": 0,
          "k": [
            50,
            50,
            0
          ]
        },
        "a": {
          "a": 0,
          "k": [
            0,
            0,
            0
          ]
        },
        "s": {
          "a": 0,
          "k": [
            100,
            100,
            100
          ]
        }
      },
      "ao": 0,
      "shapes": [
        {
          "ty": "gr",
          "it": [
            {
              "ind": 0,
              "ty": "sh",
              "ix": 1,
              "ks": {
                "a": 0,
                "k": {
                  "i": [
                    [
                      1.339,
                      1.458
                    ],
                    [
                      1.963,
                      -0.285
                    ],
                    [
                      0.72,
                      -0.686
                    ],
                    [
                      1.543,
                      0.226
                    ],
                    [
                      1.224,
                      -1.331
                    ],
                    [
                      -0.71,
                      -2.118
                    ],
                    [
                      -1.501,
                      -0.867
                    ],
                    [
                      -0.207,
                      -0.025
                    ],
                    [
                      -0.082,
                      0.05
                    ],
                    [
                      -1.083,
                      3.23
                    ]
                  ],
                  "o": [
                    [
                      -1.226,
                      -1.329
                    ],
                    [
                      -1.544,
                      0.226
                    ],
                    [
                      -0.72,
                      -0.686
                    ],
                    [
                      -1.958,
                      -0.285
                    ],
                    [
                      -1.338,
                      1.457
                    ],
                    [
                      1.085,
                      3.233
                    ],
                    [
                      0.072,
                      0.046
                    ],
                    [
                      0.248,
                      0
                    ],
                    [
                      1.509,
                      -0.873
                    ],
                    [
                      0.712,
                      -2.117
                    ]
                  ],
                  "v": [
                    [
                      8.503,
                      -6.715
                    ],
                    [
                      3.569,
                      -8.338
                    ],
                    [
                      0,
                      -6.268
                    ],
                    [
                      -3.57,
                      -8.338
                    ],
                    [
                      -8.504,
                      -6.715
                    ],
                    [
                      -9.523,
                      -0.92
                    ],
                    [
                      -0.521,
                      8.451
                    ],
                    [
                      -0.009,
                      8.623
                    ],
                    [
                      0.519,
                      8.451
                    ],
                    [
                      9.521,
                      -0.92
                    ]
                  ],
                  "c": true
                }
              },
              "nm": "パス 1",
              "mn": "ADBE Vector Shape - Group"
            },
            {
              "ty": "st",
              "c": {
                "a": 0,
                "k": [
                  1,
                  1,
                  1,
                  1
                ]
              },
              "o": {
                "a": 0,
                "k": 100
              },
              "w": {
                "a": 0,
                "k": 0
              },
              "lc": 1,
              "lj": 1,
              "ml": 4,
              "nm": "線 1",
              "mn": "ADBE Vector Graphic - Stroke"
            },
            {
              "ty": "fl",
              "c": {
                "a": 0,
                "k": [
                  1,
                  1,
                  1,
                  1
                ]
              },
              "o": {
                "a": 0,
                "k": 100
              },
              "r": 1,
              "nm": "塗り 1",
              "mn": "ADBE Vector Graphic - Fill"
            },
            {
              "ty": "tr",
              "p": {
                "a": 0,
                "k": [
                  0,
                  0
                ],
                "ix": 2
              },
              "a": {
                "a": 0,
                "k": [
                  0,
                  0
                ],
                "ix": 1
              },
              "s": {
                "a": 1,
                "k": [
                  {
                    "i": {
                      "x": [
                        0.833,
                        0.833
                      ],
                      "y": [
                        0.833,
                        0.833
                      ]
                    },
                    "o": {
                      "x": [
                        0.167,
                        0.167
                      ],
                      "y": [
                        0.167,
                        0.167
                      ]
                    },
                    "n": [
                      "0p833_0p833_0p167_0p167",
                      "0p833_0p833_0p167_0p167"
                    ],
                    "t": 4,
                    "s": [
                      0,
                      0
                    ],
                    "e": [
                      300,
                      300
                    ]
                  },
                  {
                    "t": 15
                  }
                ],
                "ix": 3
              },
              "r": {
                "a": 0,
                "k": 0,
                "ix": 6
              },
              "o": {
                "a": 1,
                "k": [
                  {
                    "i": {
                      "x": [
                        0.833
                      ],
                      "y": [
                        0.833
                      ]
                    },
                    "o": {
                      "x": [
                        0.167
                      ],
                      "y": [
                        0.167
                      ]
                    },
                    "n": [
                      "0p833_0p833_0p167_0p167"
                    ],
                    "t": 4,
                    "s": [
                      100
                    ],
                    "e": [
                      70
                    ]
                  },
                  {
                    "i": {
                      "x": [
                        0.833
                      ],
                      "y": [
                        0.833
                      ]
                    },
                    "o": {
                      "x": [
                        0.167
                      ],
                      "y": [
                        0.167
                      ]
                    },
                    "n": [
                      "0p833_0p833_0p167_0p167"
                    ],
                    "t": 10,
                    "s": [
                      70
                    ],
                    "e": [
                      0
                    ]
                  },
                  {
                    "t": 15
                  }
                ],
                "ix": 7
              },
              "sk": {
                "a": 0,
                "k": 0,
                "ix": 4
              },
              "sa": {
                "a": 0,
                "k": 0,
                "ix": 5
              },
              "nm": "トランスフォーム"
            }
          ],
          "nm": "シェイプ 1",
          "np": 3,
          "cix": 2,
          "ix": 1,
          "mn": "ADBE Vector Group"
        }
      ],
      "ip": 0,
      "op": 150,
      "st": 0,
      "bm": 0,
      "sr": 1
    },
    {
      "ddd": 0,
      "ind": 9,
      "ty": 4,
      "nm": "heart_01",
      "ks": {
        "o": {
          "a": 0,
          "k": 100
        },
        "r": {
          "a": 0,
          "k": 0
        },
        "p": {
          "a": 0,
          "k": [
            50,
            49.893,
            0
          ]
        },
        "a": {
          "a": 0,
          "k": [
            0,
            0,
            0
          ]
        },
        "s": {
          "a": 1,
          "k": [
            {
              "i": {
                "x": [
                  0.833,
                  0.833,
                  0.833
                ],
                "y": [
                  0.833,
                  0.833,
                  0.833
                ]
              },
              "o": {
                "x": [
                  0.167,
                  0.167,
                  0.167
                ],
                "y": [
                  0.167,
                  0.167,
                  0.167
                ]
              },
              "n": [
                "0p833_0p833_0p167_0p167",
                "0p833_0p833_0p167_0p167",
                "0p833_0p833_0p167_0p167"
              ],
              "t": 0,
              "s": [
                0,
                0,
                100
              ],
              "e": [
                300,
                300,
                100
              ]
            },
            {
              "t": 13
            }
          ]
        }
      },
      "ao": 0,
      "shapes": [
        {
          "ty": "gr",
          "it": [
            {
              "ind": 0,
              "ty": "sh",
              "ix": 1,
              "ks": {
                "a": 0,
                "k": {
                  "i": [
                    [
                      1.339,
                      1.458
                    ],
                    [
                      1.963,
                      -0.285
                    ],
                    [
                      0.72,
                      -0.686
                    ],
                    [
                      1.543,
                      0.226
                    ],
                    [
                      1.224,
                      -1.331
                    ],
                    [
                      -0.71,
                      -2.118
                    ],
                    [
                      -1.501,
                      -0.867
                    ],
                    [
                      -0.207,
                      -0.025
                    ],
                    [
                      -0.082,
                      0.05
                    ],
                    [
                      -1.083,
                      3.23
                    ]
                  ],
                  "o": [
                    [
                      -1.226,
                      -1.329
                    ],
                    [
                      -1.544,
                      0.226
                    ],
                    [
                      -0.72,
                      -0.686
                    ],
                    [
                      -1.958,
                      -0.285
                    ],
                    [
                      -1.338,
                      1.457
                    ],
                    [
                      1.085,
                      3.233
                    ],
                    [
                      0.072,
                      0.046
                    ],
                    [
                      0.248,
                      0
                    ],
                    [
                      1.509,
                      -0.873
                    ],
                    [
                      0.712,
                      -2.117
                    ]
                  ],
                  "v": [
                    [
                      8.503,
                      -6.715
                    ],
                    [
                      3.569,
                      -8.338
                    ],
                    [
                      0,
                      -6.268
                    ],
                    [
                      -3.57,
                      -8.338
                    ],
                    [
                      -8.504,
                      -6.715
                    ],
                    [
                      -9.523,
                      -0.92
                    ],
                    [
                      -0.521,
                      8.451
                    ],
                    [
                      -0.009,
                      8.623
                    ],
                    [
                      0.519,
                      8.451
                    ],
                    [
                      9.521,
                      -0.92
                    ]
                  ],
                  "c": true
                }
              },
              "nm": "パス 1",
              "mn": "ADBE Vector Shape - Group"
            },
            {
              "ty": "st",
              "c": {
                "a": 0,
                "k": [
                  1,
                  1,
                  1,
                  1
                ]
              },
              "o": {
                "a": 0,
                "k": 100
              },
              "w": {
                "a": 0,
                "k": 0
              },
              "lc": 1,
              "lj": 1,
              "ml": 4,
              "nm": "線 1",
              "mn": "ADBE Vector Graphic - Stroke"
            },
            {
              "ty": "fl",
              "c": {
                "a": 1,
                "k": [
                  {
                    "i": {
                      "x": [
                        0.833
                      ],
                      "y": [
                        0.833
                      ]
                    },
                    "o": {
                      "x": [
                        0.167
                      ],
                      "y": [
                        0.167
                      ]
                    },
                    "n": [
                      "0p833_0p833_0p167_0p167"
                    ],
                    "t": 0,
                    "s": [
                      0.8784314,
                      0.5882353,
                      0.8509804,
                      1
                    ],
                    "e": [
                      0.9568627,
                      0.9058824,
                      0.5372549,
                      1
                    ]
                  },
                  {
                    "t": 17
                  }
                ]
              },
              "o": {
                "a": 1,
                "k": [
                  {
                    "i": {
                      "x": [
                        0.833
                      ],
                      "y": [
                        0.833
                      ]
                    },
                    "o": {
                      "x": [
                        0.167
                      ],
                      "y": [
                        0.167
                      ]
                    },
                    "n": [
                      "0p833_0p833_0p167_0p167"
                    ],
                    "t": 0,
                    "s": [
                      100
                    ],
                    "e": [
                      0
                    ]
                  },
                  {
                    "t": 17
                  }
                ]
              },
              "r": 1,
              "nm": "塗り 1",
              "mn": "ADBE Vector Graphic - Fill"
            },
            {
              "ty": "tr",
              "p": {
                "a": 0,
                "k": [
                  0,
                  0
                ],
                "ix": 2
              },
              "a": {
                "a": 0,
                "k": [
                  0,
                  0
                ],
                "ix": 1
              },
              "s": {
                "a": 0,
                "k": [
                  100,
                  100
                ],
                "ix": 3
              },
              "r": {
                "a": 0,
                "k": 0,
                "ix": 6
              },
              "o": {
                "a": 0,
                "k": 100,
                "ix": 7
              },
              "sk": {
                "a": 0,
                "k": 0,
                "ix": 4
              },
              "sa": {
                "a": 0,
                "k": 0,
                "ix": 5
              },
              "nm": "トランスフォーム"
            }
          ],
          "nm": "シェイプ 1",
          "np": 3,
          "cix": 2,
          "ix": 1,
          "mn": "ADBE Vector Group"
        }
      ],
      "ip": 0,
      "op": 150,
      "st": 0,
      "bm": 0,
      "sr": 1
    }
  ]
}