{
  "v": "4.9.0",
  "fr": 30,
  "ip": 0,
  "op": 92,
  "w": 800,
  "h": 600,
  "nm": "Stop Go 2",
  "ddd": 0,
  "assets": [
    {
      "id": "comp_8",
      "layers": [
        {
          "ddd": 0,
          "ind": 1,
          "ty": 4,
          "nm": "Shape Layer 2",
          "sr": 1,
          "ks": {
            "o": {
              "a": 0,
              "k": 100
            },
            "r": {
              "a": 0,
              "k": 0
            },
            "p": {
              "a": 0,
              "k": [
                400,
                300,
                0
              ]
            },
            "a": {
              "a": 0,
              "k": [
                0,
                0,
                0
              ]
            },
            "s": {
              "a": 0,
              "k": [
                100,
                100,
                100
              ]
            }
          },
          "ao": 0,
          "ef": [
            {
              "ty": 5,
              "nm": "Start - Trim Paths 1 - Overshoot",
              "mn": "ADBE Slider Control",
              "ix": 1,
              "en": 1,
              "ef": [
                {
                  "ty": 0,
                  "nm": "Slider",
                  "mn": "ADBE Slider Control-0001",
                  "ix": 1,
                  "v": {
                    "a": 0,
                    "k": 5,
                    "x": "var $bm_rt;\n$bm_rt = clamp(value, 0, 100);"
                  }
                }
              ]
            },
            {
              "ty": 5,
              "nm": "Start - Trim Paths 1 - Bounce",
              "mn": "ADBE Slider Control",
              "ix": 2,
              "en": 1,
              "ef": [
                {
                  "ty": 0,
                  "nm": "Slider",
                  "mn": "ADBE Slider Control-0001",
                  "ix": 1,
                  "v": {
                    "a": 0,
                    "k": 30,
                    "x": "var $bm_rt;\n$bm_rt = clamp(value, 0, 100);"
                  }
                }
              ]
            },
            {
              "ty": 5,
              "nm": "Start - Trim Paths 1 - Friction",
              "mn": "ADBE Slider Control",
              "ix": 3,
              "en": 1,
              "ef": [
                {
                  "ty": 0,
                  "nm": "Slider",
                  "mn": "ADBE Slider Control-0001",
                  "ix": 1,
                  "v": {
                    "a": 0,
                    "k": 100,
                    "x": "var $bm_rt;\n$bm_rt = clamp(value, 0, 100);"
                  }
                }
              ]
            },
            {
              "ty": 5,
              "nm": "End - Trim Paths 1 - Overshoot",
              "mn": "ADBE Slider Control",
              "ix": 4,
              "en": 1,
              "ef": [
                {
                  "ty": 0,
                  "nm": "Slider",
                  "mn": "ADBE Slider Control-0001",
                  "ix": 1,
                  "v": {
                    "a": 0,
                    "k": 5,
                    "x": "var $bm_rt;\n$bm_rt = clamp(value, 0, 100);"
                  }
                }
              ]
            },
            {
              "ty": 5,
              "nm": "End - Trim Paths 1 - Bounce",
              "mn": "ADBE Slider Control",
              "ix": 5,
              "en": 1,
              "ef": [
                {
                  "ty": 0,
                  "nm": "Slider",
                  "mn": "ADBE Slider Control-0001",
                  "ix": 1,
                  "v": {
                    "a": 0,
                    "k": 30,
                    "x": "var $bm_rt;\n$bm_rt = clamp(value, 0, 100);"
                  }
                }
              ]
            },
            {
              "ty": 5,
              "nm": "End - Trim Paths 1 - Friction",
              "mn": "ADBE Slider Control",
              "ix": 6,
              "en": 1,
              "ef": [
                {
                  "ty": 0,
                  "nm": "Slider",
                  "mn": "ADBE Slider Control-0001",
                  "ix": 1,
                  "v": {
                    "a": 0,
                    "k": 100,
                    "x": "var $bm_rt;\n$bm_rt = clamp(value, 0, 100);"
                  }
                }
              ]
            }
          ],
          "shapes": [
            {
              "ty": "gr",
              "it": [
                {
                  "ind": 0,
                  "ty": "sh",
                  "ix": 1,
                  "ks": {
                    "a": 0,
                    "k": {
                      "i": [
                        [
                          0,
                          0
                        ],
                        [
                          0,
                          0
                        ]
                      ],
                      "o": [
                        [
                          0,
                          0
                        ],
                        [
                          0,
                          0
                        ]
                      ],
                      "v": [
                        [
                          -59,
                          -14
                        ],
                        [
                          67.5,
                          -14
                        ]
                      ],
                      "c": false
                    }
                  },
                  "nm": "Path 1",
                  "mn": "ADBE Vector Shape - Group"
                },
                {
                  "ty": "tm",
                  "s": {
                    "a": 1,
                    "k": [
                      {
                        "i": {
                          "x": [
                            0.833
                          ],
                          "y": [
                            1
                          ]
                        },
                        "o": {
                          "x": [
                            1
                          ],
                          "y": [
                            0
                          ]
                        },
                        "n": [
                          "0p833_1_1_0"
                        ],
                        "t": 0,
                        "s": [
                          2
                        ],
                        "e": [
                          2
                        ]
                      },
                      {
                        "i": {
                          "x": [
                            0.833
                          ],
                          "y": [
                            0.833
                          ]
                        },
                        "o": {
                          "x": [
                            0.167
                          ],
                          "y": [
                            0.167
                          ]
                        },
                        "n": [
                          "0p833_0p833_0p167_0p167"
                        ],
                        "t": 30,
                        "s": [
                          2
                        ],
                        "e": [
                          94
                        ]
                      },
                      {
                        "i": {
                          "x": [
                            0.833
                          ],
                          "y": [
                            1
                          ]
                        },
                        "o": {
                          "x": [
                            0.167
                          ],
                          "y": [
                            0.167
                          ]
                        },
                        "n": [
                          "0p833_1_0p167_0p167"
                        ],
                        "t": 37,
                        "s": [
                          94
                        ],
                        "e": [
                          90
                        ]
                      },
                      {
                        "i": {
                          "x": [
                            0.833
                          ],
                          "y": [
                            0.833
                          ]
                        },
                        "o": {
                          "x": [
                            1
                          ],
                          "y": [
                            0
                          ]
                        },
                        "n": [
                          "0p833_0p833_1_0"
                        ],
                        "t": 60,
                        "s": [
                          90
                        ],
                        "e": [
                          0
                        ]
                      },
                      {
                        "i": {
                          "x": [
                            0.833
                          ],
                          "y": [
                            0.833
                          ]
                        },
                        "o": {
                          "x": [
                            0.167
                          ],
                          "y": [
                            0.167
                          ]
                        },
                        "n": [
                          "0p833_0p833_0p167_0p167"
                        ],
                        "t": 90,
                        "s": [
                          0
                        ],
                        "e": [
                          2
                        ]
                      },
                      {
                        "t": 97
                      }
                    ],
                    "x": "var $bm_rt;\nvar amp, freq, decay, n, t;\ntry {\n    amp = effect('Start - Trim Paths 1 - Overshoot')('ADBE Slider Control-0001') / 2.5, freq = effect('Start - Trim Paths 1 - Bounce')('ADBE Slider Control-0001') / 20, decay = effect('Start - Trim Paths 1 - Friction')('ADBE Slider Control-0001') / 20, n = 0, 0 < numKeys && (n = nearestKey(time).index, key(n).time > time && n--), t = 0 === n ? 0 : time - key(n).time, $bm_rt = 0 < n ? (v = velocityAtTime(key(n).time - thisComp.frameDuration / 10), value + v / 100 * amp * Math.sin(freq * t * 2 * Math.PI) / Math.exp(decay * t)) : value;\n} catch (e$$4) {\n    $bm_rt = value = value;\n}",
                    "ix": 1
                  },
                  "e": {
                    "a": 1,
                    "k": [
                      {
                        "i": {
                          "x": [
                            0.833
                          ],
                          "y": [
                            0.833
                          ]
                        },
                        "o": {
                          "x": [
                            1
                          ],
                          "y": [
                            0
                          ]
                        },
                        "n": [
                          "0p833_0p833_1_0"
                        ],
                        "t": 0,
                        "s": [
                          4
                        ],
                        "e": [
                          92
                        ]
                      },
                      {
                        "i": {
                          "x": [
                            0.833
                          ],
                          "y": [
                            0.833
                          ]
                        },
                        "o": {
                          "x": [
                            0.167
                          ],
                          "y": [
                            0.167
                          ]
                        },
                        "n": [
                          "0p833_0p833_0p167_0p167"
                        ],
                        "t": 30,
                        "s": [
                          92
                        ],
                        "e": [
                          92
                        ]
                      },
                      {
                        "i": {
                          "x": [
                            0.833
                          ],
                          "y": [
                            1
                          ]
                        },
                        "o": {
                          "x": [
                            0.167
                          ],
                          "y": [
                            0
                          ]
                        },
                        "n": [
                          "0p833_1_0p167_0"
                        ],
                        "t": 37,
                        "s": [
                          92
                        ],
                        "e": [
                          92
                        ]
                      },
                      {
                        "i": {
                          "x": [
                            0.833
                          ],
                          "y": [
                            1
                          ]
                        },
                        "o": {
                          "x": [
                            1
                          ],
                          "y": [
                            0
                          ]
                        },
                        "n": [
                          "0p833_1_1_0"
                        ],
                        "t": 60,
                        "s": [
                          92
                        ],
                        "e": [
                          92
                        ]
                      },
                      {
                        "i": {
                          "x": [
                            0.833
                          ],
                          "y": [
                            0.833
                          ]
                        },
                        "o": {
                          "x": [
                            0.167
                          ],
                          "y": [
                            0.167
                          ]
                        },
                        "n": [
                          "0p833_0p833_0p167_0p167"
                        ],
                        "t": 90,
                        "s": [
                          92
                        ],
                        "e": [
                          4
                        ]
                      },
                      {
                        "t": 97
                      }
                    ],
                    "x": "var $bm_rt;\nvar amp, freq, decay, n, t;\ntry {\n    amp = effect('End - Trim Paths 1 - Overshoot')('ADBE Slider Control-0001') / 2.5, freq = effect('End - Trim Paths 1 - Bounce')('ADBE Slider Control-0001') / 20, decay = effect('End - Trim Paths 1 - Friction')('ADBE Slider Control-0001') / 20, n = 0, 0 < numKeys && (n = nearestKey(time).index, key(n).time > time && n--), t = 0 === n ? 0 : time - key(n).time, $bm_rt = 0 < n ? (v = velocityAtTime(key(n).time - thisComp.frameDuration / 10), value + v / 100 * amp * Math.sin(freq * t * 2 * Math.PI) / Math.exp(decay * t)) : value;\n} catch (e$$4) {\n    $bm_rt = value = value;\n}",
                    "ix": 2
                  },
                  "o": {
                    "a": 0,
                    "k": 0,
                    "ix": 3
                  },
                  "m": 1,
                  "ix": 2,
                  "nm": "Trim Paths 1",
                  "mn": "ADBE Vector Filter - Trim"
                },
                {
                  "ty": "st",
                  "c": {
                    "a": 1,
                    "k": [
                      {
                        "i": {
                          "x": [
                            0.833
                          ],
                          "y": [
                            0.833
                          ]
                        },
                        "o": {
                          "x": [
                            0.167
                          ],
                          "y": [
                            0.167
                          ]
                        },
                        "n": [
                          "0p833_0p833_0p167_0p167"
                        ],
                        "t": 30,
                        "s": [
                          0.9568627,
                          0.2627451,
                          0.2117647,
                          1
                        ],
                        "e": [
                          0.2980392,
                          0.6862745,
                          0.3137255,
                          1
                        ]
                      },
                      {
                        "i": {
                          "x": [
                            0.833
                          ],
                          "y": [
                            0.833
                          ]
                        },
                        "o": {
                          "x": [
                            0.167
                          ],
                          "y": [
                            0.167
                          ]
                        },
                        "n": [
                          "0p833_0p833_0p167_0p167"
                        ],
                        "t": 37,
                        "s": [
                          0.2980392,
                          0.6862745,
                          0.3137255,
                          1
                        ],
                        "e": [
                          0.2980392,
                          0.6862745,
                          0.3137255,
                          1
                        ]
                      },
                      {
                        "i": {
                          "x": [
                            0.833
                          ],
                          "y": [
                            0.833
                          ]
                        },
                        "o": {
                          "x": [
                            0.167
                          ],
                          "y": [
                            0.167
                          ]
                        },
                        "n": [
                          "0p833_0p833_0p167_0p167"
                        ],
                        "t": 90,
                        "s": [
                          0.2980392,
                          0.6862745,
                          0.3137255,
                          1
                        ],
                        "e": [
                          0.9568627,
                          0.2627451,
                          0.2117647,
                          1
                        ]
                      },
                      {
                        "t": 97
                      }
                    ]
                  },
                  "o": {
                    "a": 0,
                    "k": 100
                  },
                  "w": {
                    "a": 1,
                    "k": [
                      {
                        "i": {
                          "x": [
                            0.833
                          ],
                          "y": [
                            0.833
                          ]
                        },
                        "o": {
                          "x": [
                            1
                          ],
                          "y": [
                            0
                          ]
                        },
                        "n": [
                          "0p833_0p833_1_0"
                        ],
                        "t": 0,
                        "s": [
                          60
                        ],
                        "e": [
                          30
                        ]
                      },
                      {
                        "i": {
                          "x": [
                            0.833
                          ],
                          "y": [
                            0.833
                          ]
                        },
                        "o": {
                          "x": [
                            0.167
                          ],
                          "y": [
                            0.167
                          ]
                        },
                        "n": [
                          "0p833_0p833_0p167_0p167"
                        ],
                        "t": 30,
                        "s": [
                          30
                        ],
                        "e": [
                          60
                        ]
                      },
                      {
                        "i": {
                          "x": [
                            0.833
                          ],
                          "y": [
                            1
                          ]
                        },
                        "o": {
                          "x": [
                            0.167
                          ],
                          "y": [
                            0
                          ]
                        },
                        "n": [
                          "0p833_1_0p167_0"
                        ],
                        "t": 37,
                        "s": [
                          60
                        ],
                        "e": [
                          60
                        ]
                      },
                      {
                        "i": {
                          "x": [
                            0.833
                          ],
                          "y": [
                            0.833
                          ]
                        },
                        "o": {
                          "x": [
                            1
                          ],
                          "y": [
                            0
                          ]
                        },
                        "n": [
                          "0p833_0p833_1_0"
                        ],
                        "t": 60,
                        "s": [
                          60
                        ],
                        "e": [
                          30
                        ]
                      },
                      {
                        "i": {
                          "x": [
                            0.833
                          ],
                          "y": [
                            0.833
                          ]
                        },
                        "o": {
                          "x": [
                            0.167
                          ],
                          "y": [
                            0.167
                          ]
                        },
                        "n": [
                          "0p833_0p833_0p167_0p167"
                        ],
                        "t": 90,
                        "s": [
                          30
                        ],
                        "e": [
                          60
                        ]
                      },
                      {
                        "t": 97
                      }
                    ]
                  },
                  "lc": 2,
                  "lj": 1,
                  "ml": 4,
                  "nm": "Stroke 1",
                  "mn": "ADBE Vector Graphic - Stroke"
                },
                {
                  "ty": "tr",
                  "p": {
                    "a": 0,
                    "k": [
                      0,
                      0
                    ],
                    "ix": 2
                  },
                  "a": {
                    "a": 0,
                    "k": [
                      0,
                      0
                    ],
                    "ix": 1
                  },
                  "s": {
                    "a": 0,
                    "k": [
                      100,
                      100
                    ],
                    "ix": 3
                  },
                  "r": {
                    "a": 0,
                    "k": 0,
                    "ix": 6
                  },
                  "o": {
                    "a": 0,
                    "k": 100,
                    "ix": 7
                  },
                  "sk": {
                    "a": 0,
                    "k": 0,
                    "ix": 4
                  },
                  "sa": {
                    "a": 0,
                    "k": 0,
                    "ix": 5
                  },
                  "nm": "Transform"
                }
              ],
              "nm": "Shape 1",
              "np": 4,
              "cix": 2,
              "ix": 1,
              "mn": "ADBE Vector Group"
            }
          ],
          "ip": 0,
          "op": 120,
          "st": 0,
          "bm": 0
        },
        {
          "ddd": 0,
          "ind": 2,
          "ty": 4,
          "nm": "Shape Layer 1",
          "sr": 1,
          "ks": {
            "o": {
              "a": 0,
              "k": 100
            },
            "r": {
              "a": 0,
              "k": 0
            },
            "p": {
              "a": 0,
              "k": [
                400,
                300,
                0
              ]
            },
            "a": {
              "a": 0,
              "k": [
                0,
                0,
                0
              ]
            },
            "s": {
              "a": 0,
              "k": [
                100,
                100,
                100
              ]
            }
          },
          "ao": 0,
          "shapes": [
            {
              "ty": "gr",
              "it": [
                {
                  "ind": 0,
                  "ty": "sh",
                  "ix": 1,
                  "ks": {
                    "a": 1,
                    "k": [
                      {
                        "i": {
                          "x": 0.833,
                          "y": 0.833
                        },
                        "o": {
                          "x": 0.167,
                          "y": 0.167
                        },
                        "n": "0p833_0p833_0p167_0p167",
                        "t": 37,
                        "s": [
                          {
                            "i": [
                              [
                                0,
                                0
                              ],
                              [
                                0,
                                0
                              ]
                            ],
                            "o": [
                              [
                                0,
                                0
                              ],
                              [
                                0,
                                0
                              ]
                            ],
                            "v": [
                              [
                                -58,
                                -14
                              ],
                              [
                                55,
                                -14
                              ]
                            ],
                            "c": false
                          }
                        ],
                        "e": [
                          {
                            "i": [
                              [
                                0,
                                0
                              ],
                              [
                                0,
                                0
                              ]
                            ],
                            "o": [
                              [
                                0,
                                0
                              ],
                              [
                                0,
                                0
                              ]
                            ],
                            "v": [
                              [
                                -57,
                                -14
                              ],
                              [
                                66,
                                -14
                              ]
                            ],
                            "c": false
                          }
                        ]
                      },
                      {
                        "i": {
                          "x": 0.53,
                          "y": 1
                        },
                        "o": {
                          "x": 0.167,
                          "y": 0.167
                        },
                        "n": "0p53_1_0p167_0p167",
                        "t": 42,
                        "s": [
                          {
                            "i": [
                              [
                                0,
                                0
                              ],
                              [
                                0,
                                0
                              ]
                            ],
                            "o": [
                              [
                                0,
                                0
                              ],
                              [
                                0,
                                0
                              ]
                            ],
                            "v": [
                              [
                                -57,
                                -14
                              ],
                              [
                                66,
                                -14
                              ]
                            ],
                            "c": false
                          }
                        ],
                        "e": [
                          {
                            "i": [
                              [
                                0,
                                0
                              ],
                              [
                                0,
                                0
                              ]
                            ],
                            "o": [
                              [
                                0,
                                0
                              ],
                              [
                                0,
                                0
                              ]
                            ],
                            "v": [
                              [
                                -58,
                                -14
                              ],
                              [
                                55,
                                -14
                              ]
                            ],
                            "c": false
                          }
                        ]
                      },
                      {
                        "i": {
                          "x": 0.833,
                          "y": 0.833
                        },
                        "o": {
                          "x": 0.167,
                          "y": 0
                        },
                        "n": "0p833_0p833_0p167_0",
                        "t": 46,
                        "s": [
                          {
                            "i": [
                              [
                                0,
                                0
                              ],
                              [
                                0,
                                0
                              ]
                            ],
                            "o": [
                              [
                                0,
                                0
                              ],
                              [
                                0,
                                0
                              ]
                            ],
                            "v": [
                              [
                                -58,
                                -14
                              ],
                              [
                                55,
                                -14
                              ]
                            ],
                            "c": false
                          }
                        ],
                        "e": [
                          {
                            "i": [
                              [
                                0,
                                0
                              ],
                              [
                                0,
                                0
                              ]
                            ],
                            "o": [
                              [
                                0,
                                0
                              ],
                              [
                                0,
                                0
                              ]
                            ],
                            "v": [
                              [
                                -58,
                                -14
                              ],
                              [
                                55,
                                -14
                              ]
                            ],
                            "c": false
                          }
                        ]
                      },
                      {
                        "i": {
                          "x": 0.833,
                          "y": 0.833
                        },
                        "o": {
                          "x": 0.167,
                          "y": 0.167
                        },
                        "n": "0p833_0p833_0p167_0p167",
                        "t": 97,
                        "s": [
                          {
                            "i": [
                              [
                                0,
                                0
                              ],
                              [
                                0,
                                0
                              ]
                            ],
                            "o": [
                              [
                                0,
                                0
                              ],
                              [
                                0,
                                0
                              ]
                            ],
                            "v": [
                              [
                                -58,
                                -14
                              ],
                              [
                                55,
                                -14
                              ]
                            ],
                            "c": false
                          }
                        ],
                        "e": [
                          {
                            "i": [
                              [
                                0,
                                0
                              ],
                              [
                                0,
                                0
                              ]
                            ],
                            "o": [
                              [
                                0,
                                0
                              ],
                              [
                                0,
                                0
                              ]
                            ],
                            "v": [
                              [
                                -68,
                                -14
                              ],
                              [
                                55,
                                -14
                              ]
                            ],
                            "c": false
                          }
                        ]
                      },
                      {
                        "i": {
                          "x": 0.53,
                          "y": 1
                        },
                        "o": {
                          "x": 0.167,
                          "y": 0.167
                        },
                        "n": "0p53_1_0p167_0p167",
                        "t": 102,
                        "s": [
                          {
                            "i": [
                              [
                                0,
                                0
                              ],
                              [
                                0,
                                0
                              ]
                            ],
                            "o": [
                              [
                                0,
                                0
                              ],
                              [
                                0,
                                0
                              ]
                            ],
                            "v": [
                              [
                                -68,
                                -14
                              ],
                              [
                                55,
                                -14
                              ]
                            ],
                            "c": false
                          }
                        ],
                        "e": [
                          {
                            "i": [
                              [
                                0,
                                0
                              ],
                              [
                                0,
                                0
                              ]
                            ],
                            "o": [
                              [
                                0,
                                0
                              ],
                              [
                                0,
                                0
                              ]
                            ],
                            "v": [
                              [
                                -58,
                                -14
                              ],
                              [
                                55,
                                -14
                              ]
                            ],
                            "c": false
                          }
                        ]
                      },
                      {
                        "t": 106
                      }
                    ]
                  },
                  "nm": "Path 1",
                  "mn": "ADBE Vector Shape - Group"
                },
                {
                  "ty": "st",
                  "c": {
                    "a": 0,
                    "k": [
                      0.1490196,
                      0.1960784,
                      0.2196078,
                      1
                    ]
                  },
                  "o": {
                    "a": 0,
                    "k": 100
                  },
                  "w": {
                    "a": 0,
                    "k": 100
                  },
                  "lc": 2,
                  "lj": 1,
                  "ml": 4,
                  "nm": "Stroke 1",
                  "mn": "ADBE Vector Graphic - Stroke"
                },
                {
                  "ty": "fl",
                  "c": {
                    "a": 0,
                    "k": [
                      0.1490196,
                      0.1960784,
                      0.2196078,
                      1
                    ]
                  },
                  "o": {
                    "a": 0,
                    "k": 100
                  },
                  "r": 1,
                  "nm": "Fill 1",
                  "mn": "ADBE Vector Graphic - Fill"
                },
                {
                  "ty": "tr",
                  "p": {
                    "a": 0,
                    "k": [
                      0,
                      0
                    ],
                    "ix": 2
                  },
                  "a": {
                    "a": 0,
                    "k": [
                      0,
                      0
                    ],
                    "ix": 1
                  },
                  "s": {
                    "a": 0,
                    "k": [
                      100,
                      100
                    ],
                    "ix": 3
                  },
                  "r": {
                    "a": 0,
                    "k": 0,
                    "ix": 6
                  },
                  "o": {
                    "a": 0,
                    "k": 100,
                    "ix": 7
                  },
                  "sk": {
                    "a": 0,
                    "k": 0,
                    "ix": 4
                  },
                  "sa": {
                    "a": 0,
                    "k": 0,
                    "ix": 5
                  },
                  "nm": "Transform"
                }
              ],
              "nm": "Shape 1",
              "np": 3,
              "cix": 2,
              "ix": 1,
              "mn": "ADBE Vector Group"
            }
          ],
          "ip": 0,
          "op": 120,
          "st": 0,
          "bm": 0
        }
      ]
    }
  ],
  "layers": [
    {
      "ddd": 0,
      "ind": 1,
      "ty": 0,
      "nm": "Stop Go",
      "refId": "comp_8",
      "sr": 1,
      "ks": {
        "o": {
          "a": 0,
          "k": 100
        },
        "r": {
          "a": 0,
          "k": 0
        },
        "p": {
          "a": 0,
          "k": [
            400,
            320,
            0
          ]
        },
        "a": {
          "a": 0,
          "k": [
            400,
            300,
            0
          ]
        },
        "s": {
          "a": 0,
          "k": [
            273,
            273,
            100
          ]
        }
      },
      "ao": 0,
      "tm": {
        "a": 1,
        "k": [
          {
            "i": {
              "x": [
                0.833
              ],
              "y": [
                0.833
              ]
            },
            "o": {
              "x": [
                0.167
              ],
              "y": [
                0.167
              ]
            },
            "n": [
              "0p833_0p833_0p167_0p167"
            ],
            "t": 0,
            "s": [
              0
            ],
            "e": [
              3.933
            ]
          },
          {
            "t": 91
          }
        ]
      },
      "w": 800,
      "h": 600,
      "ip": 0,
      "op": 92,
      "st": 0,
      "bm": 0
    }
  ]
}